"","x"
"1","AAACCCAAGCCTTGAT-1"
"2","AAACCCAAGCGAATGC-1"
"3","AAACCCATCCGAAATC-1"
"4","AAACGAAAGGCGTCCT-1"
"5","AAACGAATCCGTAATG-1"
"6","AAACGAATCTAGACAC-1"
"7","AAACGCTAGTGTACAA-1"
"8","AAACGCTGTGGCACTC-1"
"9","AAACGCTTCCCAACTC-1"
"10","AAACGCTTCTCAATCT-1"
"11","AAACGCTTCTCCTGAC-1"
"12","AAAGAACTCCATATGG-1"
"13","AAAGGATAGAAGCGAA-1"
"14","AAAGGATCAGAACGCA-1"
"15","AAAGGATGTGACTAAA-1"
"16","AAAGGGCCAGAAGTGC-1"
"17","AAAGGGCCATCGGCCA-1"
"18","AAAGGGCCATTGCCTC-1"
"19","AAAGGGCGTGCATACT-1"
"20","AAAGGTAAGCGCCTTG-1"
"21","AAAGGTAAGGTTGAGC-1"
"22","AAAGGTACAACTGATC-1"
"23","AAAGGTATCGGTCATA-1"
"24","AAAGTCCAGCGAGTAC-1"
"25","AAAGTCCCAAATGAAC-1"
"26","AAAGTCCGTATGTCTG-1"
"27","AAAGTCCTCCGAGAAG-1"
"28","AAAGTGACATCTTTCA-1"
"29","AAATGGAAGCTGGAGT-1"
"30","AAATGGACACCAGTAT-1"
"31","AAATGGACAGGAGGTT-1"
"32","AAATGGATCATTCCTA-1"
"33","AACAAAGAGTATGAGT-1"
"34","AACAAAGCAGGTCCGT-1"
"35","AACAAAGGTATCTCGA-1"
"36","AACAAAGGTCCGGATC-1"
"37","AACAAAGGTGACCGAA-1"
"38","AACAAAGGTTGGACCC-1"
"39","AACAACCAGGTCATTC-1"
"40","AACAACCGTTGGCCGT-1"
"41","AACAACCGTTGGCTAT-1"
"42","AACAACCTCGCCGATG-1"
"43","AACAACCTCTAGGCCG-1"
"44","AACAAGAAGCATCAGG-1"
"45","AACAAGAGTCGCAGTC-1"
"46","AACAAGAGTCGCTTAA-1"
"47","AACAAGAGTTATCCAG-1"
"48","AACAAGATCGAAGCCC-1"
"49","AACACACAGTGTTGAA-1"
"50","AACACACCACAGAGCA-1"
"51","AACACACCACCTATCC-1"
"52","AACACACTCACTGGTA-1"
"53","AACAGGGGTACCTTCC-1"
"54","AACCAACGTATTTCGG-1"
"55","AACCAACTCGTGTTCC-1"
"56","AACCACACATGACAAA-1"
"57","AACCACATCTATCACT-1"
"58","AACCATGGTAGTTCCA-1"
"59","AACCATGTCAAGCCTA-1"
"60","AACCATGTCCTCACGT-1"
"61","AACCCAATCTATACTC-1"
"62","AACCTTTAGACATCCT-1"
"63","AACCTTTTCACGATAC-1"
"64","AACCTTTTCGCCTTTG-1"
"65","AACGAAACATCCTATT-1"
"66","AACGGGAAGGCAGCTA-1"
"67","AACGGGACACTGCTTC-1"
"68","AACGGGATCCATACTT-1"
"69","AACGTCAAGGGACTGT-1"
"70","AACGTCACAAGGGTCA-1"
"71","AACGTCACAATTGTGC-1"
"72","AACGTCAGTACGCTTA-1"
"73","AACGTCATCATCACAG-1"
"74","AACTTCTAGCGTCTCG-1"
"75","AACTTCTCAAGCTGCC-1"
"76","AACTTCTTCTGGTTGA-1"
"77","AAGAACAAGGGAGGCA-1"
"78","AAGAACAAGTCGAATA-1"
"79","AAGAACAGTATCGCAT-1"
"80","AAGAACAGTCGTGGAA-1"
"81","AAGAACAGTTATTCTC-1"
"82","AAGAACAGTTCCTTGC-1"
"83","AAGAACATCAGGAAGC-1"
"84","AAGAACATCCACGGAC-1"
"85","AAGAACATCCTACCAC-1"
"86","AAGACAAAGACGATAT-1"
"87","AAGACAAAGACTACGG-1"
"88","AAGACAAGTACGGCAA-1"
"89","AAGACAAGTTCCAGGC-1"
"90","AAGACTCAGCCGTTGC-1"
"91","AAGACTCAGGCGAACT-1"
"92","AAGACTCCAGCATACT-1"
"93","AAGACTCGTGTCACAT-1"
"94","AAGACTCTCAGCTGTA-1"
"95","AAGATAGAGATCCCAT-1"
"96","AAGATAGCAGCTTCGG-1"
"97","AAGATAGGTAAGTTGA-1"
"98","AAGATAGTCATGGCCG-1"
"99","AAGATAGTCTCCGAAA-1"
"100","AAGATAGTCTGGGCAC-1"
"101","AAGCATCGTACAGTTC-1"
"102","AAGCATCGTCGCATCG-1"
"103","AAGCATCGTTTGTTCT-1"
"104","AAGCCATCAAAGGAGA-1"
"105","AAGCCATCAAGGCTTT-1"
"106","AAGCCATTCGGAGTGA-1"
"107","AAGCGAGAGAACTGAT-1"
"108","AAGCGAGAGTCCCGGT-1"
"109","AAGCGAGCACCTGCAG-1"
"110","AAGCGTTAGGCATGGT-1"
"111","AAGCGTTCACGGTGTC-1"
"112","AAGCGTTGTACTCGAT-1"
"113","AAGCGTTTCAAACGAA-1"
"114","AAGCGTTTCTAGCCAA-1"
"115","AAGGAATGTGGACCTC-1"
"116","AAGGAATGTTCTGACA-1"
"117","AAGGTAAAGATGACCG-1"
"118","AAGGTAAAGCAAGTCG-1"
"119","AAGGTAAGTGGACTGA-1"
"120","AAGGTAAGTTTACGAC-1"
"121","AAGGTAATCTCCGATC-1"
"122","AAGTACCAGGTATAGT-1"
"123","AAGTACCAGTTATGGA-1"
"124","AAGTACCCACTAAACC-1"
"125","AAGTCGTAGCGAATGC-1"
"126","AAGTCGTAGCTGAAGC-1"
"127","AAGTCGTAGTGTCATC-1"
"128","AAGTCGTTCACTGCTC-1"
"129","AAGTGAAAGCGTTAGG-1"
"130","AAGTGAATCACACCGG-1"
"131","AAGTGAATCATGGTAC-1"
"132","AAGTGAATCCCATTTA-1"
"133","AAGTGAATCCCTCAAC-1"
"134","AAGTTCGAGAGCTGAC-1"
"135","AATAGAGAGAACCCGA-1"
"136","AATAGAGCACCTTCGT-1"
"137","AATCACGAGGTTGCCC-1"
"138","AATCACGCATTCAGCA-1"
"139","AATCGACAGTTGGACG-1"
"140","AATCGACCAGTTTCGA-1"
"141","AATCGACGTCACTACA-1"
"142","AATCGACGTCATGACT-1"
"143","AATCGACTCCGGCAGT-1"
"144","AATCGACTCGGAAACG-1"
"145","AATCGTGAGACGTCCC-1"
"146","AATCGTGAGGGTCAAC-1"
"147","AATCGTGAGTGGTCAG-1"
"148","AATCGTGCAATGAAAC-1"
"149","AATCGTGCAGTCACGC-1"
"150","AATGAAGAGCAATTAG-1"
"151","AATGAAGAGCAGCAGT-1"
"152","AATGAAGAGCCGATTT-1"
"153","AATGAAGTCAGCATTG-1"
"154","AATGACCCACTTCCTG-1"
"155","AATGACCGTCCAACGC-1"
"156","AATGACCTCAGTCAGT-1"
"157","AATGACCTCGCCGATG-1"
"158","AATGACCTCTCCACTG-1"
"159","AATGACCTCTCTTAAC-1"
"160","AATGCCACATTCACCC-1"
"161","AATGCCATCAGGAAAT-1"
"162","AATGGAAAGTTGAATG-1"
"163","AATGGCTCATGTGCCG-1"
"164","AATGGCTGTTGTGTTG-1"
"165","AATGGCTTCAATCTCT-1"
"166","AATGGCTTCACGTCCT-1"
"167","AATTCCTAGTTAGTAG-1"
"168","AATTCCTGTCAAATCC-1"
"169","AATTCCTGTGAGTAGC-1"
"170","AATTCCTTCACCTCAC-1"
"171","AATTTCCCAATGTGGG-1"
"172","AATTTCCGTGGCCTCA-1"
"173","AATTTCCTCGCAACAT-1"
"174","ACAAAGAAGAGCACTG-1"
"175","ACAAAGAAGCTTTCCC-1"
"176","ACAAAGAAGTATGATG-1"
"177","ACAAAGACAGTAACAA-1"
"178","ACAAAGACATGGCGCT-1"
"179","ACAAAGATCACTGAAC-1"
"180","ACAAAGATCGAGCCAC-1"
"181","ACAACCACAATAGTGA-1"
"182","ACAACCACATACAGGG-1"
"183","ACAACCATCAGTCATG-1"
"184","ACAACCATCTCGCTCA-1"
"185","ACAAGCTCAGTCCCGA-1"
"186","ACAAGCTGTCACATTG-1"
"187","ACAAGCTTCCGTAATG-1"
"188","ACACAGTCATCCGAGC-1"
"189","ACACAGTGTGTAGTGG-1"
"190","ACACAGTTCGACCACG-1"
"191","ACACAGTTCTGGTCAA-1"
"192","ACACCAAAGCACCTGC-1"
"193","ACACCAACAAATGGAT-1"
"194","ACACCAAGTCCAAATC-1"
"195","ACACCAATCCGTTGAA-1"
"196","ACACCAATCGTCGCTT-1"
"197","ACACGCGCAACGGCCT-1"
"198","ACACGCGCAATTGGTC-1"
"199","ACACGCGCACTGAGGA-1"
"200","ACACGCGCAGAGCGTA-1"
"201","ACACGCGGTGGCTGAA-1"
"202","ACACGCGTCCAACCGG-1"
"203","ACACTGACATATTCGG-1"
"204","ACAGAAACAACCCTAA-1"
"205","ACAGAAATCGGTAACT-1"
"206","ACAGAAATCGTTACCC-1"
"207","ACAGAAATCTGCTTTA-1"
"208","ACAGCCGAGCGTGTTT-1"
"209","ACAGCCGTCGCTCTAC-1"
"210","ACAGGGAAGTAAACGT-1"
"211","ACAGGGACACTACCGG-1"
"212","ACAGGGAGTACCCAGC-1"
"213","ACAGGGAGTGGTCTTA-1"
"214","ACAGGGATCATTGCGA-1"
"215","ACATCCCAGACTCAAA-1"
"216","ACATCGACAACAACAA-1"
"217","ACATCGAGTTAGCGGA-1"
"218","ACATCGATCTCAGTCC-1"
"219","ACATGCAAGGGCAGAG-1"
"220","ACATGCAGTCTTTATC-1"
"221","ACATGCAGTGAGATTA-1"
"222","ACATGCATCAGCCTCT-1"
"223","ACATTTCCACTATCCC-1"
"224","ACATTTCGTTCGGCTG-1"
"225","ACATTTCTCCGCAACG-1"
"226","ACATTTCTCCGGCAAC-1"
"227","ACCAACAGTAATCAAG-1"
"228","ACCAACAGTCAGATTC-1"
"229","ACCAACATCCCGAGAC-1"
"230","ACCAACATCTGGGTCG-1"
"231","ACCACAAAGCGGTAAC-1"
"232","ACCACAACAGGCATTT-1"
"233","ACCACAAGTGAGATCG-1"
"234","ACCACAATCCGCAAAT-1"
"235","ACCATTTAGGCATCTT-1"
"236","ACCATTTAGTGAATAC-1"
"237","ACCATTTAGTGGCGAT-1"
"238","ACCATTTCAGCTGAGA-1"
"239","ACCATTTGTCCACACG-1"
"240","ACCATTTTCGATCCCT-1"
"241","ACCCAAAAGCATCCCG-1"
"242","ACCCAAACACTGTCCT-1"
"243","ACCCAAACATTGTGCA-1"
"244","ACCCAAATCTAGGCAT-1"
"245","ACCCTCAAGAGGGTAA-1"
"246","ACCCTCAAGCTAGCCC-1"
"247","ACCCTCACACTGTCCT-1"
"248","ACCCTTGAGTGAGGCT-1"
"249","ACCCTTGGTTGGACTT-1"
"250","ACCCTTGTCCCAAGCG-1"
"251","ACCGTTCTCCACATAG-1"
"252","ACCGTTCTCTTCCAGC-1"
"253","ACCTACCAGTAACGAT-1"
"254","ACCTACCCACTCTAGA-1"
"255","ACCTACCGTAACTGCT-1"
"256","ACCTACCTCGCCTTGT-1"
"257","ACCTGAAAGACAACAT-1"
"258","ACCTGAAAGTTCGGTT-1"
"259","ACCTGAACAGACATCT-1"
"260","ACCTGAACAGATTAAG-1"
"261","ACCTGAAGTTTGAACC-1"
"262","ACCTGAATCGGATACT-1"
"263","ACCTGTCAGATACAGT-1"
"264","ACCTGTCAGGGATCGT-1"
"265","ACCTGTCGTAGTGTGG-1"
"266","ACCTGTCGTCAACATC-1"
"267","ACCTGTCGTCAGACTT-1"
"268","ACCTGTCGTGGATCAG-1"
"269","ACCTGTCGTTTCAGAC-1"
"270","ACCTGTCTCGGCTGTG-1"
"271","ACGATCAAGCGAATGC-1"
"272","ACGATCAAGTGCACTT-1"
"273","ACGATCAAGTTGGCTT-1"
"274","ACGATCACACATATCG-1"
"275","ACGATCACAGCGAGTA-1"
"276","ACGATCACATTGCAAC-1"
"277","ACGATCATCAGACCGC-1"
"278","ACGATCATCGGTGTAT-1"
"279","ACGATGTCAATTGGTC-1"
"280","ACGATGTCAGAGTTGG-1"
"281","ACGATGTGTGTGGACA-1"
"282","ACGCACGCACGGAAGT-1"
"283","ACGCACGCATACCATG-1"
"284","ACGCACGGTGTATTCG-1"
"285","ACGCACGTCGCGTGAC-1"
"286","ACGGAAGCACCACATA-1"
"287","ACGGAAGGTTCCCAAA-1"
"288","ACGGAAGTCGACGCTG-1"
"289","ACGGAAGTCGGAATTC-1"
"290","ACGGGTCAGCAGTAAT-1"
"291","ACGGGTCAGGAACGTC-1"
"292","ACGGGTCAGGTAGATT-1"
"293","ACGGGTCAGTAAGAGG-1"
"294","ACGGGTCCAAGTTTGC-1"
"295","ACGGGTCCACGGTGAA-1"
"296","ACGGGTCGTACCGCGT-1"
"297","ACGGGTCGTTAAGAAC-1"
"298","ACGGTCGAGAGTATAC-1"
"299","ACGGTCGAGATCCTAC-1"
"300","ACGGTCGAGGACTATA-1"
"301","ACGGTCGGTGTGTGGA-1"
"302","ACGGTCGGTTCCTACC-1"
"303","ACGGTCGTCCAAATGC-1"
"304","ACGGTTAAGACTGAGC-1"
"305","ACGGTTACACACTGGC-1"
"306","ACGGTTACAGTTGCGC-1"
"307","ACGGTTATCAACGAGG-1"
"308","ACGGTTATCTCTGCTG-1"
"309","ACGTAACAGTAGGAAG-1"
"310","ACGTAACCACGCGCAT-1"
"311","ACGTAACTCATGCATG-1"
"312","ACGTACAAGGAGAGGC-1"
"313","ACGTACACACAGCTTA-1"
"314","ACGTACACAGCGTATT-1"
"315","ACGTACATCACTAGCA-1"
"316","ACGTAGTAGTAAGACT-1"
"317","ACGTAGTAGTATGCAA-1"
"318","ACGTAGTCAATTCTTC-1"
"319","ACGTAGTGTGCGTCGT-1"
"320","ACGTAGTTCGAGTGAG-1"
"321","ACGTAGTTCGATGGAG-1"
"322","ACGTAGTTCGTCCTCA-1"
"323","ACGTAGTTCTTTCTAG-1"
"324","ACGTCCTAGGCCCAAA-1"
"325","ACGTCCTAGTCCCGAC-1"
"326","ACGTCCTGTTGGGTAG-1"
"327","ACGTTCCCACATGTTG-1"
"328","ACGTTCCTCAGAGTTC-1"
"329","ACTACGAAGATGGTCG-1"
"330","ACTACGAAGTGCAAAT-1"
"331","ACTACGACACTCCTTG-1"
"332","ACTACGAGTACTAACC-1"
"333","ACTATCTAGCAATTCC-1"
"334","ACTATCTCACCAATTG-1"
"335","ACTATCTCAGAGCGTA-1"
"336","ACTATCTGTCCACTTC-1"
"337","ACTATCTTCGGAGCAA-1"
"338","ACTATCTTCTGGACCG-1"
"339","ACTATGGAGCCTGTGC-1"
"340","ACTATGGGTATCGAGG-1"
"341","ACTATGGTCGGCTGTG-1"
"342","ACTATTCAGAACAAGG-1"
"343","ACTATTCCAATTTCCT-1"
"344","ACTATTCCATCCTGTC-1"
"345","ACTCCCAAGACTGTTC-1"
"346","ACTCCCAAGTTACGGG-1"
"347","ACTCCCACACAAGCCC-1"
"348","ACTCTCGCACGCTGAC-1"
"349","ACTCTCGGTTGGTAGG-1"
"350","ACTGATGAGAGGTATT-1"
"351","ACTGATGCAAGACTGG-1"
"352","ACTGATGCACTTCATT-1"
"353","ACTGATGGTAGCTTAC-1"
"354","ACTGATGTCACTGGTA-1"
"355","ACTGATGTCCAGCAAT-1"
"356","ACTGCAAAGATGACAT-1"
"357","ACTGCAAAGCGCCTAC-1"
"358","ACTGCAAAGGGACTGT-1"
"359","ACTGCAAAGTGCACTT-1"
"360","ACTGCAAAGTTGCATC-1"
"361","ACTGCAAGTCGTAATC-1"
"362","ACTGTCCCACCTGATA-1"
"363","ACTGTCCGTGAGTTTC-1"
"364","ACTGTCCGTTAATCGC-1"
"365","ACTGTCCTCATAGGCT-1"
"366","ACTGTCCTCTTCCCGA-1"
"367","ACTGTGACACGCGTGT-1"
"368","ACTGTGAGTTCTCGCT-1"
"369","ACTTAGGCACATGGTT-1"
"370","ACTTAGGGTCTAGATC-1"
"371","ACTTAGGGTGCACAAG-1"
"372","ACTTAGGTCTACGCGG-1"
"373","ACTTATCGTCCATACA-1"
"374","ACTTATCGTGAACCGA-1"
"375","ACTTATCGTTGCTTGA-1"
"376","ACTTATCTCAGGGATG-1"
"377","ACTTCCGAGGCTGTAG-1"
"378","ACTTCCGGTCACAGTT-1"
"379","ACTTCCGGTGCTCTCT-1"
"380","ACTTCGCCATGGGTTT-1"
"381","ACTTCGCGTTTCGATG-1"
"382","ACTTTCAAGGCTCTCG-1"
"383","ACTTTCACACACAGCC-1"
"384","ACTTTCACACTACCCT-1"
"385","ACTTTCAGTCTCGACG-1"
"386","ACTTTCAGTGATTGGG-1"
"387","ACTTTCAGTGTCCCTT-1"
"388","ACTTTCAGTTGGATCT-1"
"389","ACTTTGTAGCCACAAG-1"
"390","ACTTTGTAGCTTAAGA-1"
"391","ACTTTGTAGGATACAT-1"
"392","ACTTTGTCAGCTGTTA-1"
"393","ACTTTGTCATTCAGCA-1"
"394","AGAAATGAGTGAGTTA-1"
"395","AGAAATGCACCCTGTT-1"
"396","AGAAATGCATAATCCG-1"
"397","AGAACAAAGGGTTGCA-1"
"398","AGAACAAAGGTGGGTT-1"
"399","AGAACAACATGTCAGT-1"
"400","AGAACAATCTGGCCTT-1"
"401","AGAACCTAGTCACTAC-1"
"402","AGAACCTCAACCGATT-1"
"403","AGAACCTCACTGCGAC-1"
"404","AGAACCTCAGCAGTGA-1"
"405","AGAACCTCAGTATGAA-1"
"406","AGAACCTCAGTGTGCC-1"
"407","AGAACCTGTCGACTTA-1"
"408","AGAACCTTCCTCACGT-1"
"409","AGAAGCGAGGTACATA-1"
"410","AGAAGCGAGTGTTGAA-1"
"411","AGAAGCGCACAGAAGC-1"
"412","AGAAGCGTCAACCCGG-1"
"413","AGAAGTACACGTTGGC-1"
"414","AGAAGTACAGTGCGCT-1"
"415","AGAAGTACAGTTAAAG-1"
"416","AGAAGTATCCTCTCTT-1"
"417","AGAAGTATCTTCCAGC-1"
"418","AGACAAAAGTCTGTAC-1"
"419","AGACAAACAGACACAG-1"
"420","AGACAAATCCGTATGA-1"
"421","AGACAAATCGCACGAC-1"
"422","AGACACTAGACTGGGT-1"
"423","AGACACTAGTACCGGA-1"
"424","AGACACTTCCGTCAAA-1"
"425","AGACCATAGAGCAGCT-1"
"426","AGACCATAGGTGGCTA-1"
"427","AGACCATCATTGACCA-1"
"428","AGACCATGTAGCGTTT-1"
"429","AGACCATTCGCCTAGG-1"
"430","AGACCATTCTTAGCCC-1"
"431","AGACCCGAGACTACGG-1"
"432","AGACCCGCATTGTACG-1"
"433","AGACCCGGTAACCAGG-1"
"434","AGACCCGGTACTCCCT-1"
"435","AGACTCAGTATCAGGG-1"
"436","AGACTCAGTGGAACCA-1"
"437","AGAGAATCAGCTCGGT-1"
"438","AGAGAATGTACGAAAT-1"
"439","AGAGAATTCAAGAGGC-1"
"440","AGAGAGCAGTGGGAAA-1"
"441","AGAGAGCCACCAGTTA-1"
"442","AGAGAGCTCAAAGGTA-1"
"443","AGAGAGCTCTCCTGCA-1"
"444","AGAGCAGGTACCTGTA-1"
"445","AGAGCCCAGGTGCCAA-1"
"446","AGAGCCCGTAGTCGTT-1"
"447","AGAGCCCTCACACCGG-1"
"448","AGAGCCCTCTTAGCTT-1"
"449","AGATAGAAGCTCATAC-1"
"450","AGATAGAAGGGCAGAG-1"
"451","AGATAGACAGGCGTTC-1"
"452","AGATAGACATGTGACT-1"
"453","AGATAGAGTGCAGTGA-1"
"454","AGATAGAGTTCAAACC-1"
"455","AGATAGATCATTGTTC-1"
"456","AGATCCAAGGATGCGT-1"
"457","AGATCCAAGGGAGGCA-1"
"458","AGATCCACAAAGACTA-1"
"459","AGATCCACAATGGGTG-1"
"460","AGATCCACAATTTCTC-1"
"461","AGATCCAGTGTATTCG-1"
"462","AGATCGTGTCGTACAT-1"
"463","AGATCGTGTGGCGTAA-1"
"464","AGATCGTGTTTGTGGT-1"
"465","AGATCGTTCCAGCCTT-1"
"466","AGATGAAGTACCTAAC-1"
"467","AGATGAATCGCGTAGC-1"
"468","AGATGCTCATTCCTAT-1"
"469","AGATGCTTCATGCCGG-1"
"470","AGATGCTTCCGGTAAT-1"
"471","AGATGCTTCTCACGAA-1"
"472","AGATGCTTCTTCTTCC-1"
"473","AGCATCACACCTGCGA-1"
"474","AGCCAATAGGAGTCTG-1"
"475","AGCCAATGTTTCGTAG-1"
"476","AGCCACGCACCGGAAA-1"
"477","AGCCACGTCACTGATG-1"
"478","AGCCACGTCGACGCTG-1"
"479","AGCCAGCCAGACACAG-1"
"480","AGCGATTCATTGTGCA-1"
"481","AGCGATTGTCAAAGTA-1"
"482","AGCGATTGTCTCCTGT-1"
"483","AGCGATTTCCGTCACT-1"
"484","AGCGCCAAGCATTTGC-1"
"485","AGCGCCAAGCGATTCT-1"
"486","AGCGCCACACGAAGAC-1"
"487","AGCGCCAGTCCGGACT-1"
"488","AGCGCCATCCGTTGGG-1"
"489","AGCGCTGAGCATTTCG-1"
"490","AGCGCTGCAGGCATTT-1"
"491","AGCGCTGCATGGAGAC-1"
"492","AGCGCTGGTCAAGCCC-1"
"493","AGCGCTGGTCCACTCT-1"
"494","AGCGCTGGTCTACACA-1"
"495","AGCGTATTCAACCCGG-1"
"496","AGCGTCGGTCTGATCA-1"
"497","AGCTACAGTACAACGG-1"
"498","AGCTCAAGTTGGCCTG-1"
"499","AGCTCAATCACTGTTT-1"
"500","AGCTCAATCGGTAAGG-1"
"501","AGCTTCCAGAGAGCAA-1"
"502","AGCTTCCCACCGTACG-1"
"503","AGCTTCCCATTGAAAG-1"
"504","AGCTTCCTCAGATGCT-1"
"505","AGGAAATAGATCGGTG-1"
"506","AGGAAATAGGATTTGA-1"
"507","AGGAAATCAGACGCTC-1"
"508","AGGAAATGTACCAGAG-1"
"509","AGGAAATGTAGCGATG-1"
"510","AGGAAATTCACTCACC-1"
"511","AGGAAATTCGCGTTTC-1"
"512","AGGACGAAGGAGGTTC-1"
"513","AGGACGAAGGGTTGCA-1"
"514","AGGACGATCCCAAGCG-1"
"515","AGGACTTGTATGTCAC-1"
"516","AGGACTTGTGTTGCCG-1"
"517","AGGAGGTCAAGCTCTA-1"
"518","AGGAGGTGTATCGAAA-1"
"519","AGGAGGTGTTCGAACT-1"
"520","AGGAGGTTCAGGGATG-1"
"521","AGGAGGTTCGGTCGAC-1"
"522","AGGATAACAATAGTGA-1"
"523","AGGATAATCGTCGGGT-1"
"524","AGGATAATCGTTAGTG-1"
"525","AGGATCTGTGTGCTTA-1"
"526","AGGATCTGTTGGAGAC-1"
"527","AGGATCTTCAGCCTCT-1"
"528","AGGATCTTCCTCTAAT-1"
"529","AGGCATTCAAATAAGC-1"
"530","AGGCATTGTAACTAAG-1"
"531","AGGCATTGTCCAGCCA-1"
"532","AGGCATTGTCGTACTA-1"
"533","AGGCCACCACAGTCAT-1"
"534","AGGCCACCAGGTTCGC-1"
"535","AGGCCACGTCGAGCAA-1"
"536","AGGCCACTCGTGTTCC-1"
"537","AGGCTGCGTGTTGCCG-1"
"538","AGGGAGTAGCATATGA-1"
"539","AGGGAGTAGCGTCGAA-1"
"540","AGGGAGTCAAATAGCA-1"
"541","AGGGAGTCACGACGAA-1"
"542","AGGGCCTCAGAGTGAC-1"
"543","AGGGCCTCATGCCGCA-1"
"544","AGGGCCTGTATCTCGA-1"
"545","AGGGCCTGTGTGGACA-1"
"546","AGGGCCTTCCCAGGCA-1"
"547","AGGGCTCAGGAACGCT-1"
"548","AGGGCTCCAAACCACT-1"
"549","AGGGCTCCACCTGATA-1"
"550","AGGGCTCGTGTGTCGC-1"
"551","AGGGTCCCAGCAGTTT-1"
"552","AGGGTCCCAGGAATAT-1"
"553","AGGGTCCGTGAACGGT-1"
"554","AGGGTCCTCTATTTCG-1"
"555","AGGGTGAGTCTAACTG-1"
"556","AGGGTTTAGAACCCGA-1"
"557","AGGGTTTAGAGTCGAC-1"
"558","AGGGTTTGTAGCTTGT-1"
"559","AGGGTTTGTCTCTCTG-1"
"560","AGGGTTTTCAGCCCAG-1"
"561","AGGGTTTTCCATACAG-1"
"562","AGGTAGGGTGTGCCTG-1"
"563","AGGTCATAGAACTTCC-1"
"564","AGGTCATCAACAGCTT-1"
"565","AGGTCATGTTTCGGCG-1"
"566","AGGTCATTCTATACGG-1"
"567","AGGTCTATCTGTTGGA-1"
"568","AGGTGTTCAAGGGTCA-1"
"569","AGGTGTTGTCCTACAA-1"
"570","AGGTTACAGCAATAGT-1"
"571","AGGTTACAGCTTTGTG-1"
"572","AGGTTACCATCGATGT-1"
"573","AGGTTGTCATGCAGGA-1"
"574","AGTAACCAGGACACTG-1"
"575","AGTAACCGTGGCTCTG-1"
"576","AGTAACCGTGTCCACG-1"
"577","AGTACCAAGAGAACCC-1"
"578","AGTACCAAGGAAAGTG-1"
"579","AGTACCAAGTTACGAA-1"
"580","AGTACTGAGCAACAGC-1"
"581","AGTACTGGTCTTCGAA-1"
"582","AGTACTGTCCCGTGTT-1"
"583","AGTAGCTGTATAGCTC-1"
"584","AGTAGCTTCGGCTGAC-1"
"585","AGTAGTCAGGAACTAT-1"
"586","AGTAGTCGTCTTACAG-1"
"587","AGTAGTCTCCGGTTCT-1"
"588","AGTCAACCAATCTCTT-1"
"589","AGTCAACCAATTAGGA-1"
"590","AGTCAACGTATGGTAA-1"
"591","AGTCAACGTCGAGCAA-1"
"592","AGTCACAGTACAACGG-1"
"593","AGTCACAGTCGTACTA-1"
"594","AGTCACATCCAACCAA-1"
"595","AGTCATGAGAGTTCGG-1"
"596","AGTCATGCAAGTGGTG-1"
"597","AGTCATGGTAGGTACG-1"
"598","AGTCATGGTTCGGTCG-1"
"599","AGTCTCCAGCCATGCC-1"
"600","AGTCTCCAGGGCAAGG-1"
"601","AGTCTCCAGTATGATG-1"
"602","AGTCTCCTCCCGAGTG-1"
"603","AGTCTCCTCCTAACAG-1"
"604","AGTGACTGTGAGGAAA-1"
"605","AGTGACTGTTACGGAG-1"
"606","AGTGACTGTTCAGCTA-1"
"607","AGTGACTTCATTGCGA-1"
"608","AGTGATCAGAATTGCA-1"
"609","AGTGATCAGACTTCGT-1"
"610","AGTGATCCACTGGCGT-1"
"611","AGTGATCGTAGTGGCA-1"
"612","AGTGCCGGTAATGATG-1"
"613","AGTGCCGGTTGTCTAG-1"
"614","AGTGTTGGTGCTTCAA-1"
"615","AGTGTTGTCCGTATAG-1"
"616","AGTGTTGTCGATACAC-1"
"617","AGTGTTGTCGTGAGAG-1"
"618","AGTTAGCCACGGTGCT-1"
"619","AGTTAGCGTTACGCCG-1"
"620","AGTTAGCGTTGGGAAC-1"
"621","AGTTAGCTCCTCACCA-1"
"622","AGTTAGCTCTCTGGTC-1"
"623","AGTTCCCCACACCTAA-1"
"624","AGTTCCCGTCGAATGG-1"
"625","AGTTCCCGTGGGACAT-1"
"626","AGTTCGAAGGGCATGT-1"
"627","AGTTCGACATTGCTGA-1"
"628","AGTTCGAGTATCAGGG-1"
"629","AGTTCGAGTCAAAGTA-1"
"630","AGTTCGAGTTGTCTAG-1"
"631","AGTTCGATCTCATTTG-1"
"632","AGTTCGATCTGTGCAA-1"
"633","ATACCGAAGCAGAAAG-1"
"634","ATACCGAAGCATCAAA-1"
"635","ATACCGAAGGTTGTTC-1"
"636","ATACCGAAGTACAGAT-1"
"637","ATACCGAGTCAACGCC-1"
"638","ATACCGAGTCTCGACG-1"
"639","ATACCGAGTGGAATGC-1"
"640","ATACCGATCGTGTGAT-1"
"641","ATACCTTGTAATGCGG-1"
"642","ATACCTTTCAAGAATG-1"
"643","ATACCTTTCTGCGGAC-1"
"644","ATACTTCGTCTTCATT-1"
"645","ATACTTCTCCGATCTC-1"
"646","ATAGACCAGCACTCCG-1"
"647","ATAGACCCACAGAGAC-1"
"648","ATAGACCCAGAGCTAG-1"
"649","ATAGACCTCTCTGCTG-1"
"650","ATAGAGAAGCCGTTAT-1"
"651","ATAGAGAAGCTCGCAC-1"
"652","ATAGAGACACTTGGCG-1"
"653","ATAGAGATCCGTGTCT-1"
"654","ATAGGCTAGTAAAGCT-1"
"655","ATAGGCTCAAGAATAC-1"
"656","ATAGGCTTCTTGTTAC-1"
"657","ATATCCTCACAGTCCG-1"
"658","ATATCCTCAGGCTTGC-1"
"659","ATATCCTGTTGCATGT-1"
"660","ATCACAGCAAGTGTCT-1"
"661","ATCACAGTCCACATAG-1"
"662","ATCACAGTCGGTAAGG-1"
"663","ATCACAGTCGTGCGAC-1"
"664","ATCACGAAGGCGTTGA-1"
"665","ATCACGAGTCGCGGTT-1"
"666","ATCACGAGTGAGATAT-1"
"667","ATCACTTAGCGTCTCG-1"
"668","ATCACTTCAAGATGGC-1"
"669","ATCACTTCAATTGTGC-1"
"670","ATCACTTCATCGTGGC-1"
"671","ATCACTTGTCTGATCA-1"
"672","ATCAGGTAGGCGATAC-1"
"673","ATCAGGTAGGTACAGC-1"
"674","ATCAGGTGTCGAACAG-1"
"675","ATCAGGTGTGGACCTC-1"
"676","ATCATTCAGCCATGCC-1"
"677","ATCATTCAGTGATGGC-1"
"678","ATCATTCTCTGACAGT-1"
"679","ATCCACCAGGTCATAA-1"
"680","ATCCACCCAGGTCAGA-1"
"681","ATCCACCGTCGACGCT-1"
"682","ATCCACCGTGACATCT-1"
"683","ATCCACCGTGGACTAG-1"
"684","ATCCACCTCCTACGAA-1"
"685","ATCCACCTCCTTTAGT-1"
"686","ATCCATTAGGTTGCCC-1"
"687","ATCCATTCATCATGAC-1"
"688","ATCCATTTCCGAGCTG-1"
"689","ATCCCTGAGAGGTCGT-1"
"690","ATCCCTGGTAGTCTGT-1"
"691","ATCCCTGTCAAGCCAT-1"
"692","ATCCCTGTCGTTGTAG-1"
"693","ATCCGTCAGCCAAGCA-1"
"694","ATCCGTCAGCTTAGTC-1"
"695","ATCCGTCGTTGGCCGT-1"
"696","ATCCTATCAGAGGTAC-1"
"697","ATCCTATCATAGGTTC-1"
"698","ATCCTATCATCTAGAC-1"
"699","ATCCTATTCCACTTTA-1"
"700","ATCCTATTCCGGCTTT-1"
"701","ATCGATGAGGCAGTCA-1"
"702","ATCGCCTAGGGCAGGA-1"
"703","ATCGGATAGATCCAAA-1"
"704","ATCGGATAGGGCATGT-1"
"705","ATCGGATGTTGGAGGT-1"
"706","ATCGGCGAGACCCGCT-1"
"707","ATCGGCGAGAGCATAT-1"
"708","ATCGGCGCAACGCCCA-1"
"709","ATCGGCGCAGACAAAT-1"
"710","ATCGGCGTCTTAGCAG-1"
"711","ATCGTAGTCAAGTAAG-1"
"712","ATCGTAGTCGATAACC-1"
"713","ATCGTCCGTGAATGTA-1"
"714","ATCGTCCGTTACACAC-1"
"715","ATCGTCCGTTGGGCCT-1"
"716","ATCGTGATCCAAGCTA-1"
"717","ATCTCTAAGACGAAGA-1"
"718","ATCTCTAGTATTTCCT-1"
"719","ATCTCTAGTCCCGTGA-1"
"720","ATCTCTAGTTAGTTCG-1"
"721","ATCTCTATCCTACAAG-1"
"722","ATCTCTATCTACTATC-1"
"723","ATCTTCACACACCTAA-1"
"724","ATCTTCACAGTAACAA-1"
"725","ATCTTCAGTACTAAGA-1"
"726","ATCTTCAGTGCCTGAC-1"
"727","ATCTTCAGTTAGCTAC-1"
"728","ATCTTCATCCTTATCA-1"
"729","ATCTTCATCGACACTA-1"
"730","ATCTTCATCTGCGATA-1"
"731","ATGAAAGAGTTACGGG-1"
"732","ATGAAAGCAACTCCCT-1"
"733","ATGAAAGGTGTGCTTA-1"
"734","ATGAAAGGTTCGGCTG-1"
"735","ATGAAAGGTTTCGATG-1"
"736","ATGAAAGTCGAAGGAC-1"
"737","ATGACCAGTTTGGGAG-1"
"738","ATGACCATCCACATAG-1"
"739","ATGAGGGAGAAGAACG-1"
"740","ATGAGGGCACCGTCGA-1"
"741","ATGAGGGGTTTGGAAA-1"
"742","ATGAGTCAGGCAATGC-1"
"743","ATGAGTCCAGTATACC-1"
"744","ATGATCGAGACCATTC-1"
"745","ATGATCGAGCATTGAA-1"
"746","ATGATCGAGCGCCTAC-1"
"747","ATGATCGGTAATTAGG-1"
"748","ATGATCGTCTTCACGC-1"
"749","ATGCATGGTTACCTTT-1"
"750","ATGCCTCAGCTCCACG-1"
"751","ATGGAGGCAACAAAGT-1"
"752","ATGGAGGCAAGTTCCA-1"
"753","ATGGAGGTCGTAATGC-1"
"754","ATGGATCAGTTGTAAG-1"
"755","ATGGATCGTTCGCGTG-1"
"756","ATGGGAGAGCTGGCTC-1"
"757","ATGGGAGGTCCGTACG-1"
"758","ATGGGAGGTTTCGATG-1"
"759","ATGGGAGTCCAACCAA-1"
"760","ATGGGTTAGCACTTTG-1"
"761","ATGGGTTAGTGCAACG-1"
"762","ATGGGTTGTGCCCACA-1"
"763","ATGGGTTTCTTTGCTA-1"
"764","ATGGTTGAGCATGAAT-1"
"765","ATGGTTGAGCATTGTC-1"
"766","ATGGTTGGTGTGTACT-1"
"767","ATGGTTGTCCAAGAGG-1"
"768","ATGTCCCAGCGGTAAC-1"
"769","ATGTCCCAGCTAGATA-1"
"770","ATGTCCCGTTGGACTT-1"
"771","ATGTCCCTCATGCAGT-1"
"772","ATGTCCCTCATTGAGC-1"
"773","ATGTCTTAGAGCCCAA-1"
"774","ATGTCTTAGCCTTGAT-1"
"775","ATGTCTTCAGCTGTGC-1"
"776","ATGTCTTGTACAGTTC-1"
"777","ATTACCTCAGGCATTT-1"
"778","ATTACCTTCATTGGTG-1"
"779","ATTACTCAGGCGACAT-1"
"780","ATTACTCGTGCACGCT-1"
"781","ATTATCCCAAGCAGGT-1"
"782","ATTATCCGTCTGTGTA-1"
"783","ATTATCCGTTGAGTCT-1"
"784","ATTCACTAGCTAATCC-1"
"785","ATTCACTCAATCAAGA-1"
"786","ATTCACTCACAACCGC-1"
"787","ATTCACTGTACGTACT-1"
"788","ATTCACTGTCGCACAC-1"
"789","ATTCACTGTGCTATTG-1"
"790","ATTCACTTCTTGGTCC-1"
"791","ATTCAGGCAATCGCCG-1"
"792","ATTCAGGTCTTGTGCC-1"
"793","ATTCATCAGCCATCCG-1"
"794","ATTCATCAGTGAACAT-1"
"795","ATTCATCCAAGGTCAG-1"
"796","ATTCATCTCGCTACAA-1"
"797","ATTCATCTCTCGAGTA-1"
"798","ATTCCATAGGTCGTGA-1"
"799","ATTCCATGTGTCTAAC-1"
"800","ATTCCATTCGGATACT-1"
"801","ATTCCCGAGCCTGTGC-1"
"802","ATTCCCGGTCAGACTT-1"
"803","ATTCCCGTCACCCTTG-1"
"804","ATTCCCGTCCATTTCA-1"
"805","ATTCCTACAAAGTGTA-1"
"806","ATTCCTAGTCCAGTTA-1"
"807","ATTCCTATCTATCACT-1"
"808","ATTCGTTAGCCTTGAT-1"
"809","ATTCGTTAGCGCCATC-1"
"810","ATTCGTTGTCGTGTTA-1"
"811","ATTCGTTTCGCAACAT-1"
"812","ATTCTACAGACCCTTA-1"
"813","ATTCTACAGTTCTCTT-1"
"814","ATTCTACGTATTCTCT-1"
"815","ATTCTTGAGGCCCAAA-1"
"816","ATTCTTGCAATTAGGA-1"
"817","ATTCTTGCAGAAATCA-1"
"818","ATTCTTGGTCGGTGTC-1"
"819","ATTGGGTGTGTGTACT-1"
"820","ATTGTTCAGGCACTCC-1"
"821","ATTGTTCTCAGGGTAG-1"
"822","ATTGTTCTCATGCTAG-1"
"823","ATTGTTCTCCCAAGCG-1"
"824","ATTTACCCAAGCTACT-1"
"825","ATTTACCCATACCAGT-1"
"826","ATTTACCCATGTGCCG-1"
"827","ATTTACCGTCAAAGCG-1"
"828","ATTTACCTCAGATTGC-1"
"829","ATTTACCTCGAACCAT-1"
"830","ATTTCACAGGGCATGT-1"
"831","ATTTCACGTCCACTTC-1"
"832","ATTTCACGTGGGATTG-1"
"833","ATTTCTGCAGCACGAA-1"
"834","ATTTCTGCATACCAGT-1"
"835","ATTTCTGGTGAGGATC-1"
"836","ATTTCTGTCCTTGGAA-1"
"837","ATTTCTGTCGACATAC-1"
"838","ATTTCTGTCTACTGCC-1"
"839","CAAAGAACAGTGTACT-1"
"840","CAAAGAAGTAAGATAC-1"
"841","CAAAGAATCACCGGGT-1"
"842","CAACAACAGACTACCT-1"
"843","CAACAACAGGATTTCC-1"
"844","CAACAACCAACAGCTT-1"
"845","CAACAACCAGTGAGCA-1"
"846","CAACAACTCCTCTCTT-1"
"847","CAACAGTAGGCTCAAG-1"
"848","CAACAGTCAGATTAAG-1"
"849","CAACAGTGTCACGTGC-1"
"850","CAACCAAGTTAAGGAT-1"
"851","CAACCAATCGGACTTA-1"
"852","CAACCTCCACATTCTT-1"
"853","CAACCTCTCATGCATG-1"
"854","CAACGATCAACGAGGT-1"
"855","CAACGATCACTATGTG-1"
"856","CAACGATCATCGATAC-1"
"857","CAACGATTCACCTGTC-1"
"858","CAACGGCAGGGTACGT-1"
"859","CAACGGCCAAATCGTC-1"
"860","CAACGGCGTGTGGACA-1"
"861","CAACGGCTCCGTCACT-1"
"862","CAAGACTAGCTTGTGT-1"
"863","CAAGACTCACATTACG-1"
"864","CAAGACTGTCCGAAGA-1"
"865","CAAGACTTCAAAGAAC-1"
"866","CAAGACTTCACCTTGC-1"
"867","CAAGAGGAGACATAGT-1"
"868","CAAGAGGAGCTGACCC-1"
"869","CAAGAGGAGTTGCCTA-1"
"870","CAAGAGGCAAATAGCA-1"
"871","CAAGAGGCAACTGCTA-1"
"872","CAAGAGGCAGAATCGG-1"
"873","CAAGAGGTCGTCAAAC-1"
"874","CAAGCTACAGAAATTG-1"
"875","CAAGCTATCCTACGAA-1"
"876","CAAGCTATCGACGACC-1"
"877","CAAGCTATCGGAATGG-1"
"878","CAAGCTATCGTGACTA-1"
"879","CAAGGGAAGCGCTTCG-1"
"880","CAAGGGATCCCTCTCC-1"
"881","CAATACGTCAAACGAA-1"
"882","CAATACGTCTTAGCTT-1"
"883","CAATCGACACGTCGGT-1"
"884","CAATCGAGTCACTCTC-1"
"885","CAATCGAGTGGGTTGA-1"
"886","CAATGACAGAGCCCAA-1"
"887","CAATGACAGATGCAGC-1"
"888","CAATGACAGTGGAAAG-1"
"889","CAATGACCAATTGCCA-1"
"890","CAATGACCAGGAACCA-1"
"891","CAATGACTCTCCTGCA-1"
"892","CAATTTCCATAGAGGC-1"
"893","CAATTTCGTGATTAGA-1"
"894","CAATTTCTCATGGCCG-1"
"895","CAATTTCTCTACGCGG-1"
"896","CAATTTCTCTCCCAAC-1"
"897","CAATTTCTCTTCACAT-1"
"898","CACAACAAGACATATG-1"
"899","CACAACACACGAAAGC-1"
"900","CACAACAGTGCGCTCA-1"
"901","CACAACATCCATATGG-1"
"902","CACAACATCCCAATAG-1"
"903","CACAACATCGACCTAA-1"
"904","CACAACATCTACCACC-1"
"905","CACACAACAATACGAA-1"
"906","CACACAAGTATGTCCA-1"
"907","CACACAAGTCCGTTTC-1"
"908","CACACAAGTGCAAGAC-1"
"909","CACACAAGTGCCCAGT-1"
"910","CACAGATTCCTGGTCT-1"
"911","CACAGATTCTGGCCTT-1"
"912","CACAGGCAGGGAGGAC-1"
"913","CACAGGCCACCAATTG-1"
"914","CACATGAAGCAGATAT-1"
"915","CACATGAAGGGCTGAT-1"
"916","CACCAAAAGCAGCAGT-1"
"917","CACCAAAAGTAGAATC-1"
"918","CACCAAATCCCAGGCA-1"
"919","CACCGTTGTTAAGGGC-1"
"920","CACCGTTTCAAGCCCG-1"
"921","CACCGTTTCCTAGAGT-1"
"922","CACCGTTTCGTGCATA-1"
"923","CACGAATAGAAGGCTC-1"
"924","CACGAATAGCGGGTAT-1"
"925","CACGAATAGTTTAGGA-1"
"926","CACGAATCACATATGC-1"
"927","CACGGGTCAAACGAGC-1"
"928","CACGGGTCAGAACTCT-1"
"929","CACGTGGAGTCTTCCC-1"
"930","CACGTGGGTACGAGCA-1"
"931","CACGTGGGTGCAGATG-1"
"932","CACGTGGTCGGAAACG-1"
"933","CACGTTCAGCCTCTGG-1"
"934","CACGTTCAGGGATCGT-1"
"935","CACGTTCAGTCAATCC-1"
"936","CACGTTCCAAGATTGA-1"
"937","CACGTTCTCCATTTCA-1"
"938","CACGTTCTCTGTAAGC-1"
"939","CACTAAGAGGCGTCCT-1"
"940","CACTAAGTCGCCACTT-1"
"941","CACTAAGTCGTGTCAA-1"
"942","CACTGGGAGACCCGCT-1"
"943","CACTGGGAGTCTAACC-1"
"944","CACTGGGGTAGAGGAA-1"
"945","CACTGGGTCCGCATAA-1"
"946","CACTGTCAGATGCGAC-1"
"947","CACTGTCAGGCCTGCT-1"
"948","CACTGTCAGGTAGACC-1"
"949","CACTGTCCACGGTAGA-1"
"950","CACTGTCCATATACCG-1"
"951","CACTTCGGTTCTAACG-1"
"952","CAGAGCCAGTCATCCA-1"
"953","CAGAGCCCATCGAACT-1"
"954","CAGAGCCGTCATCGGC-1"
"955","CAGATACCAGTATGAA-1"
"956","CAGATACGTCATCGGC-1"
"957","CAGATACTCCCTCTTT-1"
"958","CAGATCAGTCGCGTTG-1"
"959","CAGATCATCCCTGGTT-1"
"960","CAGATCATCCTCTCGA-1"
"961","CAGATCATCGCCTAGG-1"
"962","CAGATTGAGCGAACTG-1"
"963","CAGATTGAGGCTATCT-1"
"964","CAGATTGCAGGTCAGA-1"
"965","CAGATTGGTAACTAAG-1"
"966","CAGATTGGTTAATGAG-1"
"967","CAGATTGGTTGGGTAG-1"
"968","CAGATTGTCCAGTACA-1"
"969","CAGATTGTCCGCAAAT-1"
"970","CAGATTGTCGCCTAGG-1"
"971","CAGCAATAGGATATAC-1"
"972","CAGCAATCAAGCCTGC-1"
"973","CAGCAATGTCCATCTC-1"
"974","CAGCAATGTCGAGTTT-1"
"975","CAGCAATGTCGTGTTA-1"
"976","CAGCAATGTGGAACAC-1"
"977","CAGCAATTCCTACGGG-1"
"978","CAGCACGAGAGACAAG-1"
"979","CAGCACGAGCATATGA-1"
"980","CAGCACGAGTAGTGCG-1"
"981","CAGCACGGTACGTGAG-1"
"982","CAGCACGGTGATTAGA-1"
"983","CAGCACGTCCTTCTGG-1"
"984","CAGCACGTCTTTGCAT-1"
"985","CAGCAGCAGAGTCACG-1"
"986","CAGCAGCTCCTCTCGA-1"
"987","CAGCAGCTCGGAGATG-1"
"988","CAGCCAGAGGTACATA-1"
"989","CAGCCAGGTTAGTCGT-1"
"990","CAGCCAGTCTCCCTAG-1"
"991","CAGCGTGGTATGCTAC-1"
"992","CAGCGTGGTATTGACC-1"
"993","CAGCGTGGTCCACACG-1"
"994","CAGCGTGTCCTTGGAA-1"
"995","CAGGCCAAGCGGTAGT-1"
"996","CAGGCCAAGGGCCCTT-1"
"997","CAGGCCATCCGGCAGT-1"
"998","CAGGGCTGTTTACCTT-1"
"999","CAGGGCTTCACTTGGA-1"
"1000","CAGGGCTTCTGTGCGG-1"
"1001","CAGGTATAGAATTTGG-1"
"1002","CAGGTATAGACTACGG-1"
"1003","CAGGTATCACCAGTAT-1"
"1004","CAGTGCGCAACAAGTA-1"
"1005","CAGTGCGCACTTGTGA-1"
"1006","CAGTGCGGTACCTGTA-1"
"1007","CAGTTAGAGTGCGCTC-1"
"1008","CAGTTAGGTCAGTCGC-1"
"1009","CAGTTAGGTTTCGATG-1"
"1010","CAGTTAGTCCCATAAG-1"
"1011","CAGTTCCAGCACGTCC-1"
"1012","CAGTTCCAGCGGACAT-1"
"1013","CAGTTCCGTTCTCAGA-1"
"1014","CAGTTCCTCATTGCTT-1"
"1015","CATAAGCAGAGTGACC-1"
"1016","CATAAGCCAAACGGCA-1"
"1017","CATAAGCCAATTTCGG-1"
"1018","CATAAGCCAGGGATAC-1"
"1019","CATACAGAGGTTCCAT-1"
"1020","CATACAGAGTACTGGG-1"
"1021","CATACAGTCGGTTAGT-1"
"1022","CATACCCAGACTTCGT-1"
"1023","CATACCCAGCAAGGAA-1"
"1024","CATACCCCATCGGAGA-1"
"1025","CATACCCTCCTACCGT-1"
"1026","CATACTTGTAACAAGT-1"
"1027","CATACTTGTAGATTGA-1"
"1028","CATACTTGTCAAGCCC-1"
"1029","CATACTTTCCTGTAAG-1"
"1030","CATACTTTCTCAATCT-1"
"1031","CATAGACCAATCCTTT-1"
"1032","CATAGACCATCAGCTA-1"
"1033","CATAGACTCAGCAGAG-1"
"1034","CATCAAGGTCTCTCTG-1"
"1035","CATCAAGGTGTGTTTG-1"
"1036","CATCAAGGTTGGCCTG-1"
"1037","CATCAAGGTTGTGTTG-1"
"1038","CATCCACAGTGTTGTC-1"
"1039","CATCCACGTCCGTACG-1"
"1040","CATCCACTCTTAAGGC-1"
"1041","CATCCCACAGACACCC-1"
"1042","CATCCCATCTGACCCT-1"
"1043","CATCCGTAGAGAGAAC-1"
"1044","CATCCGTAGTTATGGA-1"
"1045","CATCCGTGTCCACTTC-1"
"1046","CATCCGTGTCGAAACG-1"
"1047","CATCGCTGTACGCTTA-1"
"1048","CATCGCTGTGTCCGTG-1"
"1049","CATCGCTTCTCGTTTA-1"
"1050","CATCGGGCATCGAACT-1"
"1051","CATCGGGGTCACCGAC-1"
"1052","CATCGGGGTCTTGCGG-1"
"1053","CATCGGGGTGACAACG-1"
"1054","CATCGGGGTGTCATGT-1"
"1055","CATCGGGTCGAGCCAC-1"
"1056","CATCGTCCAATGGCCC-1"
"1057","CATCGTCCACATAACC-1"
"1058","CATCGTCGTTCAGGTT-1"
"1059","CATCGTCTCAAGAGGC-1"
"1060","CATCGTCTCGGTGAAG-1"
"1061","CATCGTCTCTCGACCT-1"
"1062","CATGAGTAGCTCGACC-1"
"1063","CATGAGTAGTTATGGA-1"
"1064","CATGAGTTCGTGGAAG-1"
"1065","CATGCAAGTTGGAGGT-1"
"1066","CATGCAATCATGGTAC-1"
"1067","CATGCAATCGTCGACG-1"
"1068","CATGCAATCTTCCCGA-1"
"1069","CATGCCTCACTAGGCC-1"
"1070","CATGCCTGTCCAAATC-1"
"1071","CATGCCTTCATTGCTT-1"
"1072","CATGCGGAGAGAGTGA-1"
"1073","CATGCGGAGATCGACG-1"
"1074","CATGCGGAGCTAAGTA-1"
"1075","CATGCGGCAGTCAGAG-1"
"1076","CATGCGGCAGTTGTTG-1"
"1077","CATGCGGGTGCGGCTT-1"
"1078","CATGCGGTCCATGCAA-1"
"1079","CATGCGGTCGCGGTAC-1"
"1080","CATGCTCAGAGAGGTA-1"
"1081","CATGCTCAGCTTTCCC-1"
"1082","CATGCTCTCCAGTTCC-1"
"1083","CATGCTCTCGCCGTGA-1"
"1084","CATGGATAGAACCGCA-1"
"1085","CATGGATCATCTTAGG-1"
"1086","CATGGTAAGCTGACTT-1"
"1087","CATGGTACACGAAAGC-1"
"1088","CATGGTACACGAAGAC-1"
"1089","CATGGTATCCTGGCTT-1"
"1090","CATTCATCAACGATTC-1"
"1091","CATTCATCAAGCAATA-1"
"1092","CATTCATCACCGAATT-1"
"1093","CATTCATCATCTCGTC-1"
"1094","CATTCATGTGGGTATG-1"
"1095","CATTCATTCTCTGACC-1"
"1096","CATTCCGGTGTGAATA-1"
"1097","CATTCCGTCACCGGGT-1"
"1098","CATTCCGTCCTTATGT-1"
"1099","CATTCTAAGGTCATCT-1"
"1100","CATTCTATCCATACTT-1"
"1101","CATTGAGCACCCTGTT-1"
"1102","CATTGAGCATGTGTCA-1"
"1103","CATTGAGGTGGTCAAG-1"
"1104","CATTGAGTCGCATTAG-1"
"1105","CATTGAGTCTCTGCCA-1"
"1106","CATTGCCAGGTCATAA-1"
"1107","CATTGTTAGAGCATTA-1"
"1108","CATTGTTGTAGGGTAC-1"
"1109","CATTGTTGTCAATCTG-1"
"1110","CATTTCACATCCTCAC-1"
"1111","CATTTCACATGCCGCA-1"
"1112","CATTTCATCGTAACTG-1"
"1113","CCAAGCGCAACGTATC-1"
"1114","CCAAGCGCACACGCCA-1"
"1115","CCAAGCGTCCAAAGGG-1"
"1116","CCAATGAAGGTAATCA-1"
"1117","CCAATGACACATGTTG-1"
"1118","CCAATGAGTACTCGTA-1"
"1119","CCAATGAGTATGAAGT-1"
"1120","CCAATGATCCACTTTA-1"
"1121","CCAATGATCCCATTCG-1"
"1122","CCAATTTCAGAACTCT-1"
"1123","CCAATTTGTAGTCTTG-1"
"1124","CCAATTTGTGAAGCTG-1"
"1125","CCAATTTGTGACAACG-1"
"1126","CCACAAAGTCTAGATC-1"
"1127","CCACAAATCGTCAACA-1"
"1128","CCACACTAGACCATGG-1"
"1129","CCACACTAGACTGTTC-1"
"1130","CCACACTAGAGAACCC-1"
"1131","CCACACTAGGTCTACT-1"
"1132","CCACACTCATACAGAA-1"
"1133","CCACACTGTGCTTATG-1"
"1134","CCACACTTCCGATAGT-1"
"1135","CCACACTTCCTGCTAC-1"
"1136","CCACCATAGCTTGTTG-1"
"1137","CCACCATAGGAGGGTG-1"
"1138","CCACCATGTGAGATTA-1"
"1139","CCACCATGTTCCCAAA-1"
"1140","CCACGAGAGGTTAAAC-1"
"1141","CCACGAGGTGCATGTT-1"
"1142","CCACGAGGTGTTGCCG-1"
"1143","CCACGAGGTTTGACAC-1"
"1144","CCACGAGTCGAGCCTG-1"
"1145","CCACGTTAGTGGATTA-1"
"1146","CCACGTTCAAGAAATC-1"
"1147","CCACGTTCACCACATA-1"
"1148","CCACGTTCATCCTTCG-1"
"1149","CCACGTTCATCTAACG-1"
"1150","CCACGTTGTGGAGAAA-1"
"1151","CCACGTTTCCGTATGA-1"
"1152","CCACGTTTCTGACGCG-1"
"1153","CCACTTGAGAAACTGT-1"
"1154","CCACTTGAGTGTTCCA-1"
"1155","CCACTTGTCCCAGCGA-1"
"1156","CCACTTGTCCTCACTG-1"
"1157","CCATAAGAGAAGTCTA-1"
"1158","CCATAAGAGTAGGGTC-1"
"1159","CCATAAGCAAATACAG-1"
"1160","CCATAAGGTGTCCTAA-1"
"1161","CCATCACAGGGACCAT-1"
"1162","CCATCACAGGTCCGAA-1"
"1163","CCATCACCAACTGCCG-1"
"1164","CCATCACTCATGTCTT-1"
"1165","CCCAACTAGGAGACCT-1"
"1166","CCCAACTAGGGCTAAC-1"
"1167","CCCAACTCACGGCTAC-1"
"1168","CCCAACTGTGCCTTTC-1"
"1169","CCCAACTTCCCGAGAC-1"
"1170","CCCATTGAGTGCCGAA-1"
"1171","CCCATTGCAAAGGCTG-1"
"1172","CCCATTGCACTGGATT-1"
"1173","CCCATTGCAGGACTAG-1"
"1174","CCCATTGGTGTTGAGG-1"
"1175","CCCATTGGTTGCAACT-1"
"1176","CCCATTGTCAAAGGTA-1"
"1177","CCCGAAGCAACTGGTT-1"
"1178","CCCGAAGCATGAAGCG-1"
"1179","CCCGAAGGTTGGCTAT-1"
"1180","CCCGAAGTCATTTGTC-1"
"1181","CCCGGAAAGCTCGGCT-1"
"1182","CCCGGAAGTAGTGGCA-1"
"1183","CCCGGAAGTCGCACGT-1"
"1184","CCCTAACAGTCATCGT-1"
"1185","CCCTAACCAACACGAG-1"
"1186","CCCTAACCATAGGTAA-1"
"1187","CCCTAACGTCGCGGTT-1"
"1188","CCCTAACGTGTGATGG-1"
"1189","CCCTAACGTTTATGCG-1"
"1190","CCCTAACTCAATCGGT-1"
"1191","CCCTCAAAGAGCCATG-1"
"1192","CCCTCAACACGTAGAG-1"
"1193","CCCTCTCAGGGACAGG-1"
"1194","CCCTCTCAGTGGCCTC-1"
"1195","CCCTCTCGTCGTCATA-1"
"1196","CCCTCTCGTTCGGTAT-1"
"1197","CCCTCTCTCCGCACGA-1"
"1198","CCCTGATAGGAGCTGT-1"
"1199","CCCTGATTCCCATACC-1"
"1200","CCCTGATTCTGCACCT-1"
"1201","CCCTTAGAGGATACGC-1"
"1202","CCCTTAGCATGACTCA-1"
"1203","CCGAACGAGAGATTCA-1"
"1204","CCGAACGAGTCTGTAC-1"
"1205","CCGAACGCATACTTTC-1"
"1206","CCGATCTGTCCTGGTG-1"
"1207","CCGATCTTCTTACACT-1"
"1208","CCGATGGAGAGGTCGT-1"
"1209","CCGATGGAGGTCACTT-1"
"1210","CCGATGGGTGCGACAA-1"
"1211","CCGATGGGTGGTCTTA-1"
"1212","CCGATGGTCATTGCTT-1"
"1213","CCGATGGTCGTGCATA-1"
"1214","CCGCAAGAGGGAGATA-1"
"1215","CCGCAAGGTCGCATCG-1"
"1216","CCGCAAGGTGACTCTA-1"
"1217","CCGCAAGTCATTGTTC-1"
"1218","CCGCAAGTCGCCTTTG-1"
"1219","CCGGACACAAGTAGTA-1"
"1220","CCGGACACACTGGATT-1"
"1221","CCGGACACAGTCGAGA-1"
"1222","CCGGACAGTTGCGAAG-1"
"1223","CCGGGTAAGGACTTCT-1"
"1224","CCGGGTACAATAGTAG-1"
"1225","CCGGTAGAGCTAGAGC-1"
"1226","CCGGTAGAGGTAAAGG-1"
"1227","CCGGTAGTCAAACGTC-1"
"1228","CCGGTAGTCCCGATCT-1"
"1229","CCGGTGAAGAATGTTG-1"
"1230","CCGGTGAAGTGCACAG-1"
"1231","CCGGTGACAGTGACCC-1"
"1232","CCGGTGAGTAAGTCAA-1"
"1233","CCGGTGATCAGCAATC-1"
"1234","CCGTAGGAGATTTGCC-1"
"1235","CCGTAGGAGGGTTAGC-1"
"1236","CCGTGAGAGAAGTCTA-1"
"1237","CCGTGAGCAGGTTCAT-1"
"1238","CCGTGAGCATATCTGG-1"
"1239","CCGTTCACACTACCCT-1"
"1240","CCGTTCAGTCACGTGC-1"
"1241","CCGTTCAGTTTGGCTA-1"
"1242","CCGTTCATCAAATAGG-1"
"1243","CCGTTCATCCTCTTTC-1"
"1244","CCTAACCAGTTGTCAC-1"
"1245","CCTAAGAAGGAACGTC-1"
"1246","CCTAAGAAGGCACTAG-1"
"1247","CCTAAGAAGGTTCACT-1"
"1248","CCTAAGAAGTATTCCG-1"
"1249","CCTAAGAGTCGATTCA-1"
"1250","CCTAAGATCCCTTGTG-1"
"1251","CCTAAGATCTTACCGC-1"
"1252","CCTACGTAGTCTTGGT-1"
"1253","CCTACGTCAGATTAAG-1"
"1254","CCTACGTTCAATGTCG-1"
"1255","CCTATCGAGAAATTCG-1"
"1256","CCTATCGTCCGAGTGC-1"
"1257","CCTCAACAGCACTCAT-1"
"1258","CCTCAACCACATACTG-1"
"1259","CCTCAACGTCTACATG-1"
"1260","CCTCAACTCCATACTT-1"
"1261","CCTCACAAGCAAATGT-1"
"1262","CCTCACACAACTCATG-1"
"1263","CCTCACACACCGGCTA-1"
"1264","CCTCAGTAGCCTTGAT-1"
"1265","CCTCAGTCAGTTACCA-1"
"1266","CCTCAGTGTAGGACTG-1"
"1267","CCTCAGTGTCAACATC-1"
"1268","CCTCAGTTCCAAGCTA-1"
"1269","CCTCAGTTCTACCACC-1"
"1270","CCTCATGCACCCTATC-1"
"1271","CCTCATGCATCGTGCG-1"
"1272","CCTCATGTCGAACGGA-1"
"1273","CCTCCAAAGGATGTTA-1"
"1274","CCTCCAACAACAACAA-1"
"1275","CCTCCAACAGCTCTGG-1"
"1276","CCTCCAAGTAGTGCGA-1"
"1277","CCTCCAATCCTTATGT-1"
"1278","CCTCCAATCGACGATT-1"
"1279","CCTCCTCGTTTCCCAC-1"
"1280","CCTCTAGCACCAGCTG-1"
"1281","CCTCTAGGTTGAGTCT-1"
"1282","CCTCTAGTCTCACTCG-1"
"1283","CCTCTAGTCTGCGGCA-1"
"1284","CCTCTCCCAAAGGTTA-1"
"1285","CCTCTCCTCGTAACCA-1"
"1286","CCTGCATCACCTCTAC-1"
"1287","CCTGCATCAGCCCAGT-1"
"1288","CCTGTTGAGAGCCCAA-1"
"1289","CCTGTTGAGATTGATG-1"
"1290","CCTGTTGCATATCTCT-1"
"1291","CCTGTTGCATTAAGCC-1"
"1292","CCTGTTGGTCAGACTT-1"
"1293","CCTGTTGTCAGCTTCC-1"
"1294","CCTTCAGGTACTCGAT-1"
"1295","CCTTCAGGTCATCGGC-1"
"1296","CCTTCAGTCTTGATTC-1"
"1297","CCTTGTGCACGTCGTG-1"
"1298","CCTTTGGAGGGTTGCA-1"
"1299","CCTTTGGCAAATGCTC-1"
"1300","CCTTTGGGTCCTTAAG-1"
"1301","CCTTTGGGTGTCTAAC-1"
"1302","CCTTTGGTCCCTGTTG-1"
"1303","CCTTTGGTCTAACGGT-1"
"1304","CCTTTGGTCTTCGCTG-1"
"1305","CGAAGGACATTCCTCG-1"
"1306","CGAAGGATCGGCATAT-1"
"1307","CGAAGTTAGACAGCGT-1"
"1308","CGAAGTTAGACTGTTC-1"
"1309","CGAAGTTCAAAGCACG-1"
"1310","CGAAGTTCAGCTCATA-1"
"1311","CGAAGTTGTCGCCTAG-1"
"1312","CGAAGTTTCTACAGGT-1"
"1313","CGAATTGAGTCTACCA-1"
"1314","CGAATTGAGTGACCTT-1"
"1315","CGAATTGCAAAGACTA-1"
"1316","CGAATTGGTCCCTAAA-1"
"1317","CGAATTGGTTATCTGG-1"
"1318","CGACAGCAGAATTGCA-1"
"1319","CGACAGCCAAAGGAGA-1"
"1320","CGACAGCCACTTGTCC-1"
"1321","CGACAGCGTTCTTCAT-1"
"1322","CGACAGCTCCGTGTAA-1"
"1323","CGAGAAGAGTATGAGT-1"
"1324","CGAGAAGCATGGAAGC-1"
"1325","CGAGGAAAGTGGACTG-1"
"1326","CGAGGAACATAGAGGC-1"
"1327","CGAGGAATCCACGGGT-1"
"1328","CGAGGCTAGGCCCAAA-1"
"1329","CGAGGCTGTCTGCATA-1"
"1330","CGAGGCTTCTACGGGC-1"
"1331","CGAGTGCAGATGTTGA-1"
"1332","CGAGTGCGTGAGTAAT-1"
"1333","CGAGTGCTCACTGGGC-1"
"1334","CGAGTGCTCGCTGACG-1"
"1335","CGAGTGCTCGTAGCCG-1"
"1336","CGAGTTAAGAAGTCAT-1"
"1337","CGAGTTAAGTCTGGTT-1"
"1338","CGAGTTAAGTGCTACT-1"
"1339","CGAGTTAGTCCAAGAG-1"
"1340","CGAGTTAGTGCTCCGA-1"
"1341","CGAGTTATCTATTGTC-1"
"1342","CGAGTTATCTCACTCG-1"
"1343","CGATCGGAGGGAGGTG-1"
"1344","CGATCGGAGGTCGACA-1"
"1345","CGATCGGCACTGTCCT-1"
"1346","CGATCGGCATCTGGGC-1"
"1347","CGATGCGAGGTATAGT-1"
"1348","CGATGCGGTACGTTCA-1"
"1349","CGATGCGGTTCTTGCC-1"
"1350","CGATGGCAGCGATCGA-1"
"1351","CGATGGCCACCCTTGT-1"
"1352","CGATGGCCAGACCAGA-1"
"1353","CGATGGCCAGCGAGTA-1"
"1354","CGATGGCTCGCGTCGA-1"
"1355","CGCAGGTAGACGCATG-1"
"1356","CGCAGGTAGAGCCGAT-1"
"1357","CGCAGGTCAAATCGTC-1"
"1358","CGCAGGTCAAGGCTTT-1"
"1359","CGCAGGTCAGTCGGTC-1"
"1360","CGCAGGTTCAATCAGC-1"
"1361","CGCAGGTTCTTCGTAT-1"
"1362","CGCATAACACCGCTGA-1"
"1363","CGCATAATCTCAAAGC-1"
"1364","CGCATGGAGGAATTAC-1"
"1365","CGCATGGCAACCTAAC-1"
"1366","CGCATGGCAGAATGTA-1"
"1367","CGCATGGTCGTAACTG-1"
"1368","CGCATGGTCGTCCTTG-1"
"1369","CGCCAGAAGTGCTCAT-1"
"1370","CGCCAGACATTGGGAG-1"
"1371","CGCCAGATCGCCTCTA-1"
"1372","CGCCAGATCTGGACCG-1"
"1373","CGCCATTAGTGCCTCG-1"
"1374","CGCCATTAGTTGGGAC-1"
"1375","CGCCATTCAGCAGATG-1"
"1376","CGCCATTCATTGACCA-1"
"1377","CGCCATTGTAACCCTA-1"
"1378","CGCCATTGTGAGATCG-1"
"1379","CGCCATTGTGATATAG-1"
"1380","CGCCATTGTTCCGGTG-1"
"1381","CGCCATTTCTGTAACG-1"
"1382","CGCCATTTCTTCTTCC-1"
"1383","CGCGTGAGTATTGACC-1"
"1384","CGCGTGATCCTAACAG-1"
"1385","CGCGTGATCTTCTGTA-1"
"1386","CGGAACCAGGCCTGCT-1"
"1387","CGGAACCAGTTGCATC-1"
"1388","CGGAATTAGGGTCACA-1"
"1389","CGGAATTAGTTAGTGA-1"
"1390","CGGAATTTCTGGAGAG-1"
"1391","CGGACACCAACTTGCA-1"
"1392","CGGAGAAAGAAGAACG-1"
"1393","CGGAGAACACTCATAG-1"
"1394","CGGAGAAGTATTGACC-1"
"1395","CGGAGAAGTGACCGAA-1"
"1396","CGGAGAATCCTCAGAA-1"
"1397","CGGCAGTAGATGTAGT-1"
"1398","CGGCAGTAGCACCCAC-1"
"1399","CGGCAGTTCCGAAATC-1"
"1400","CGGGACTAGCTCTATG-1"
"1401","CGGGACTCAAGCAGGT-1"
"1402","CGGGACTTCTGGGCGT-1"
"1403","CGGGCATAGACCAGAC-1"
"1404","CGGGCATCACTTGAAC-1"
"1405","CGGGTCAAGTAGAGTT-1"
"1406","CGGGTCAAGTCCCAGC-1"
"1407","CGGGTCACAATTGCCA-1"
"1408","CGGGTCACACGCGCTA-1"
"1409","CGGGTCATCTTACCAT-1"
"1410","CGGGTGTAGCGAGAAA-1"
"1411","CGGGTGTCAGACAAGC-1"
"1412","CGGGTGTGTCGTATTG-1"
"1413","CGGTCAGAGGAAAGAC-1"
"1414","CGGTCAGCAGGTTTAC-1"
"1415","CGGTCAGGTTAAGCAA-1"
"1416","CGTAAGTAGTTCCGGC-1"
"1417","CGTAAGTCAGTCGAGA-1"
"1418","CGTAATGAGATACAGT-1"
"1419","CGTAATGAGATCACTC-1"
"1420","CGTAATGCACTTTATC-1"
"1421","CGTAATGCATACAGGG-1"
"1422","CGTAATGGTACCTGTA-1"
"1423","CGTAGTAAGAACTGAT-1"
"1424","CGTAGTAAGACTTAAG-1"
"1425","CGTAGTACATCTCGTC-1"
"1426","CGTCAAAAGCATTGTC-1"
"1427","CGTCAAACACTTGAAC-1"
"1428","CGTCAAAGTTTCACAG-1"
"1429","CGTCAAATCAAGCCAT-1"
"1430","CGTCAAATCATCGGGC-1"
"1431","CGTCCATAGGTGCATG-1"
"1432","CGTCCATGTTAACAGA-1"
"1433","CGTCCATTCCTTCGAC-1"
"1434","CGTGAATGTAAGACCG-1"
"1435","CGTGAATGTTGGCCTG-1"
"1436","CGTGAATTCCACCTGT-1"
"1437","CGTGATAAGAGGCCAT-1"
"1438","CGTGATACAGACAATA-1"
"1439","CGTGATACAGAGGAAA-1"
"1440","CGTGTCTGTGCTCTCT-1"
"1441","CGTGTCTTCAACCTCC-1"
"1442","CGTGTCTTCAGCTTCC-1"
"1443","CGTTAGAGTAGGTTTC-1"
"1444","CGTTAGATCACTTTGT-1"
"1445","CGTTCTGCAGCCCACA-1"
"1446","CGTTCTGCATTCTCTA-1"
"1447","CGTTGGGCAAAGCAAT-1"
"1448","CTAACCCAGTCTGGTT-1"
"1449","CTAACCCCATCTGTTT-1"
"1450","CTAACCCGTGGACTGA-1"
"1451","CTAACCCTCTACTATC-1"
"1452","CTAACTTCATGTAACC-1"
"1453","CTAACTTGTGATTCAC-1"
"1454","CTAACTTTCGATACAC-1"
"1455","CTAACTTTCGGTCAGC-1"
"1456","CTAAGTGAGACTACCT-1"
"1457","CTAAGTGAGCGTTCCG-1"
"1458","CTACAGACACAGAGAC-1"
"1459","CTACAGAGTCGATTTG-1"
"1460","CTACATTAGGTCTACT-1"
"1461","CTACATTCATGAGATA-1"
"1462","CTACATTGTAGAGATT-1"
"1463","CTACCCACATCACAGT-1"
"1464","CTACCCAGTTATGTCG-1"
"1465","CTACCCATCCTGCTAC-1"
"1466","CTACCTGCAGCTGTGC-1"
"1467","CTACGGGCACCCAATA-1"
"1468","CTACGGGCACTGCGTG-1"
"1469","CTACGGGGTGTTGCCG-1"
"1470","CTACGGGTCATTGCCC-1"
"1471","CTACGGGTCCTTGACC-1"
"1472","CTACTATAGCATGAAT-1"
"1473","CTACTATGTCAACCTA-1"
"1474","CTACTATGTGAGCCAA-1"
"1475","CTAGACAAGATAGCTA-1"
"1476","CTAGACAAGATGACCG-1"
"1477","CTAGGTAAGAACGCGT-1"
"1478","CTAGGTAAGTAAACTG-1"
"1479","CTAGGTACAAAGGTTA-1"
"1480","CTAGGTAGTAATCAAG-1"
"1481","CTAGGTAGTCCCAAAT-1"
"1482","CTAGGTATCCTCTTTC-1"
"1483","CTAGGTATCTCTAAGG-1"
"1484","CTATAGGGTGTTAACC-1"
"1485","CTATAGGTCGGTATGT-1"
"1486","CTATCCGCAGAGAGGG-1"
"1487","CTATCCGCATGTGCTA-1"
"1488","CTATCCGGTCGTCGGT-1"
"1489","CTATCCGGTGAGACGT-1"
"1490","CTATCCGGTTGCTAGT-1"
"1491","CTATCCGTCGAGTCTA-1"
"1492","CTATCTACACGACGCT-1"
"1493","CTATCTAGTACGGATG-1"
"1494","CTATCTAGTGTGTTTG-1"
"1495","CTATCTATCAAACGAA-1"
"1496","CTCAACCCAAGTGGTG-1"
"1497","CTCAACCGTGCTGCAC-1"
"1498","CTCAAGACAAATTAGG-1"
"1499","CTCAAGACATTCGATG-1"
"1500","CTCAAGAGTGCGAACA-1"
"1501","CTCAAGATCCTTACCG-1"
"1502","CTCAATTCACGCGTGT-1"
"1503","CTCAATTGTCTAGATC-1"
"1504","CTCACTGAGAAACCAT-1"
"1505","CTCACTGAGGATATGT-1"
"1506","CTCACTGCACACGGAA-1"
"1507","CTCACTGCACTCCGAG-1"
"1508","CTCACTGCATGAGGGT-1"
"1509","CTCACTGGTCGATTTG-1"
"1510","CTCACTGTCTATGTGG-1"
"1511","CTCAGAAAGCCGAATG-1"
"1512","CTCAGAAGTACTCCCT-1"
"1513","CTCAGGGAGGTTCTAC-1"
"1514","CTCAGGGGTAACACGG-1"
"1515","CTCAGGGTCACACGAT-1"
"1516","CTCAGGGTCGATTGAC-1"
"1517","CTCAGGGTCGTGTTCC-1"
"1518","CTCAGTCAGAGGACTC-1"
"1519","CTCAGTCAGATACTGA-1"
"1520","CTCAGTCAGCTAGATA-1"
"1521","CTCAGTCAGGCCCAAA-1"
"1522","CTCAGTCCAGTTACCA-1"
"1523","CTCATCGAGCCAGAGT-1"
"1524","CTCATCGCATCTATCT-1"
"1525","CTCATCGGTCCACTTC-1"
"1526","CTCATCGGTGCCGGTT-1"
"1527","CTCATCGGTGTCATTG-1"
"1528","CTCATCGTCCACCTCA-1"
"1529","CTCATGCTCCGTGTGG-1"
"1530","CTCATGCTCTGCGGCA-1"
"1531","CTCATTAAGAAATTCG-1"
"1532","CTCATTACAGAAATTG-1"
"1533","CTCCAACCACCCATAA-1"
"1534","CTCCAACGTCACATTG-1"
"1535","CTCCACAAGACTAGAT-1"
"1536","CTCCACAAGCCATTCA-1"
"1537","CTCCACAGTCGAGTTT-1"
"1538","CTCCACAGTTTACCTT-1"
"1539","CTCCATGCATTCTGTT-1"
"1540","CTCCATGTCATGCATG-1"
"1541","CTCCATGTCGATCCAA-1"
"1542","CTCCCAAGTGATAGAT-1"
"1543","CTCCCAATCCGAGTGC-1"
"1544","CTCCCTCAGTCCTGTA-1"
"1545","CTCCCTCCAATGTGGG-1"
"1546","CTCCCTCGTGTGTGTT-1"
"1547","CTCCGATCAACACGAG-1"
"1548","CTCCGATGTCTGCCTT-1"
"1549","CTCCGATGTTTCGTAG-1"
"1550","CTCCTCCAGAGCAGAA-1"
"1551","CTCCTCCAGTTCATCG-1"
"1552","CTCCTCCCAGACAAGC-1"
"1553","CTCCTCCCAGTGCCTG-1"
"1554","CTCCTCCTCCACATAG-1"
"1555","CTCCTTTGTATTCCTT-1"
"1556","CTCCTTTTCAAAGAAC-1"
"1557","CTCGAGGCAAGTGCTT-1"
"1558","CTCGAGGCACCAGTAT-1"
"1559","CTCGAGGTCACTGAAC-1"
"1560","CTCTCAGCATTGGGAG-1"
"1561","CTCTCAGTCCTGGGTG-1"
"1562","CTCTCGAAGAAGTCAT-1"
"1563","CTCTCGAAGCGATCGA-1"
"1564","CTCTCGAAGCGATTCT-1"
"1565","CTCTCGAAGCTAGAAT-1"
"1566","CTCTCGACAAATAAGC-1"
"1567","CTCTCGAGTCGGCACT-1"
"1568","CTCTGGTAGATAGTGT-1"
"1569","CTCTGGTAGGTACATA-1"
"1570","CTCTGGTAGGTAGGCT-1"
"1571","CTCTGGTTCACCTTAT-1"
"1572","CTCTGGTTCCGGGACT-1"
"1573","CTCTGGTTCTCTAGGA-1"
"1574","CTGAATGCAGGAGGAG-1"
"1575","CTGAATGGTACCAATC-1"
"1576","CTGAATGGTCCATACA-1"
"1577","CTGAATGGTTGGACCC-1"
"1578","CTGAATGTCAAACGTC-1"
"1579","CTGAATGTCAGAACCT-1"
"1580","CTGAGCGAGACGGAAA-1"
"1581","CTGAGCGAGTGATAGT-1"
"1582","CTGAGCGCATAACGGG-1"
"1583","CTGAGCGGTTCAAACC-1"
"1584","CTGAGGCCAGGACTAG-1"
"1585","CTGAGGCGTACTGGGA-1"
"1586","CTGAGGCGTCCTTTGC-1"
"1587","CTGATCCGTCCTACAA-1"
"1588","CTGATCCGTGATACTC-1"
"1589","CTGATCCTCAAGAGTA-1"
"1590","CTGATCCTCCGTATGA-1"
"1591","CTGATCCTCGTCTCAC-1"
"1592","CTGCAGGAGCCTCAGC-1"
"1593","CTGCAGGAGTTCATGC-1"
"1594","CTGCAGGCAATCCTAG-1"
"1595","CTGCAGGCACCTCGTT-1"
"1596","CTGCATCAGCGATTCT-1"
"1597","CTGCATCGTGTGTCCG-1"
"1598","CTGCATCGTTAGGCCC-1"
"1599","CTGCATCGTTTCTTAC-1"
"1600","CTGCATCTCATAAGGA-1"
"1601","CTGCATCTCCTGTAGA-1"
"1602","CTGCCATAGCCAGAGT-1"
"1603","CTGCCATAGCTCTATG-1"
"1604","CTGCCATGTGTGACCC-1"
"1605","CTGCCTAGTACAATAG-1"
"1606","CTGCCTAGTTCGTGCG-1"
"1607","CTGCGAGAGAAGCCAC-1"
"1608","CTGCGAGCAATGTCTG-1"
"1609","CTGCGAGCACGCTATA-1"
"1610","CTGCGAGCATGACTTG-1"
"1611","CTGCGAGGTGCAATGG-1"
"1612","CTGCGAGGTGTGATGG-1"
"1613","CTGCGAGTCATGCCCT-1"
"1614","CTGCGAGTCCCATAGA-1"
"1615","CTGCTCAAGTCCGCGT-1"
"1616","CTGCTCACAGCCCACA-1"
"1617","CTGGACGAGACGTCGA-1"
"1618","CTGGACGAGCGAGTCA-1"
"1619","CTGGACGCAACCGGAA-1"
"1620","CTGGACGCATCTGCGG-1"
"1621","CTGGACGGTGCCTTTC-1"
"1622","CTGGACGTCGAGCCAC-1"
"1623","CTGGCAGAGCGTGTTT-1"
"1624","CTGGCAGCAACATCGT-1"
"1625","CTGGCAGTCCCGAGTG-1"
"1626","CTGGTCTAGTGCTCAT-1"
"1627","CTGGTCTCATAACAGA-1"
"1628","CTGGTCTGTAAGAACT-1"
"1629","CTGGTCTGTCGTATTG-1"
"1630","CTGGTCTGTGATGTAA-1"
"1631","CTGGTCTGTGGACCTC-1"
"1632","CTGGTCTTCAACCTCC-1"
"1633","CTGGTCTTCTGCGGCA-1"
"1634","CTGTACCAGCTGTCCG-1"
"1635","CTGTACCAGGAGGCAG-1"
"1636","CTGTACCTCAGCATTG-1"
"1637","CTGTAGAAGTACGTCT-1"
"1638","CTGTAGAGTCTACACA-1"
"1639","CTGTAGAGTGCATACT-1"
"1640","CTGTAGATCTGGTCAA-1"
"1641","CTGTATTCAGATACCT-1"
"1642","CTGTATTGTATCGCGC-1"
"1643","CTGTATTGTCCTGAAT-1"
"1644","CTGTATTGTGCCTATA-1"
"1645","CTGTATTTCAGTCAGT-1"
"1646","CTGTATTTCTGAGGTT-1"
"1647","CTGTCGTCAGTTTGGT-1"
"1648","CTGTCGTGTCGAGCAA-1"
"1649","CTGTGGGCACAGCCTG-1"
"1650","CTGTGGGCATTGACCA-1"
"1651","CTGTGGGTCATTCCTA-1"
"1652","CTTACCGAGCGGATCA-1"
"1653","CTTAGGACACACAGAG-1"
"1654","CTTAGGACAGCGACAA-1"
"1655","CTTAGGATCTCAGAAC-1"
"1656","CTTCAATGTGTGACCC-1"
"1657","CTTCAATGTTAATGAG-1"
"1658","CTTCAATTCAGCGCGT-1"
"1659","CTTCCGAAGGCATTTC-1"
"1660","CTTCCGACAAAGTGTA-1"
"1661","CTTCCGACATGCTGCG-1"
"1662","CTTCCGAGTTCAGCTA-1"
"1663","CTTCCGATCGGCATAT-1"
"1664","CTTCCTTAGGGTAATT-1"
"1665","CTTCCTTCACCTTCGT-1"
"1666","CTTCCTTTCAGAGCAG-1"
"1667","CTTCCTTTCCATTCAT-1"
"1668","CTTCCTTTCGAGAACG-1"
"1669","CTTCGGTAGACGAAGA-1"
"1670","CTTCGGTAGTAACAGT-1"
"1671","CTTCGGTCAAGGGTCA-1"
"1672","CTTCGGTCACAGTGAG-1"
"1673","CTTCGGTCAGGCACTC-1"
"1674","CTTCTAAGTGCAACGA-1"
"1675","CTTCTAATCATGCATG-1"
"1676","CTTCTAATCATTCGGA-1"
"1677","CTTCTAATCGCCAGAC-1"
"1678","CTTCTCTAGTAGTGCG-1"
"1679","CTTCTCTCACATACTG-1"
"1680","CTTCTCTCATAACAGA-1"
"1681","CTTGAGAGTCACCGAC-1"
"1682","CTTGAGAGTGGTACAG-1"
"1683","CTTGAGATCGCTCCTA-1"
"1684","CTTGAGATCTGCATGA-1"
"1685","CTTGATTCAGTCGAGA-1"
"1686","CTTGATTTCTTGAGCA-1"
"1687","CTTTCAACAAGTGCTT-1"
"1688","CTTTCAACACGGCGTT-1"
"1689","CTTTCAAGTTTGCCGG-1"
"1690","CTTTCGGAGTATGTAG-1"
"1691","CTTTCGGGTGCCGTTG-1"
"1692","CTTTCGGTCCCTCGAT-1"
"1693","GAAACCTCAAGCCTGC-1"
"1694","GAAACCTCATAACCCA-1"
"1695","GAAACCTGTAACCCGC-1"
"1696","GAAACCTGTATCGCTA-1"
"1697","GAAACCTGTGAGATAT-1"
"1698","GAAACCTGTGTACAGG-1"
"1699","GAAATGATCCAAGAGG-1"
"1700","GAACACTCACTACCGG-1"
"1701","GAACACTCAGCTTTCC-1"
"1702","GAACACTGTACAGTCT-1"
"1703","GAACACTTCCGAGGCT-1"
"1704","GAACACTTCGAAGCCC-1"
"1705","GAACGTTAGAAGATCT-1"
"1706","GAACGTTGTACATACC-1"
"1707","GAACGTTGTCGAGTGA-1"
"1708","GAACGTTGTTCGAACT-1"
"1709","GAACGTTTCTAGCATG-1"
"1710","GAACTGTAGACGGAAA-1"
"1711","GAACTGTTCGGTCTGG-1"
"1712","GAAGAATCACTTGTCC-1"
"1713","GAAGAATGTTGCATCA-1"
"1714","GAAGAATTCTCCAATT-1"
"1715","GAAGCCCAGCGCACAA-1"
"1716","GAAGCCCCACATTACG-1"
"1717","GAAGCCCGTATCGATC-1"
"1718","GAAGCCCGTGCACAAG-1"
"1719","GAAGCCCTCACCCTTG-1"
"1720","GAAGCCCTCCCATTCG-1"
"1721","GAAGCCCTCTAGCCTC-1"
"1722","GAAGCGAAGCCGAATG-1"
"1723","GAAGCGAAGGCCACCT-1"
"1724","GAAGCGAGTCCAACGC-1"
"1725","GAAGCGATCGTAGGGA-1"
"1726","GAAGGACAGACCCGCT-1"
"1727","GAAGGACAGCACCAGA-1"
"1728","GAAGGACCAACTGCTA-1"
"1729","GAAGGACTCCACAAGT-1"
"1730","GAAGGGTAGCAATTCC-1"
"1731","GAAGGGTAGGTAGGCT-1"
"1732","GAATAGAGTCGACTTA-1"
"1733","GAATAGAGTTAAGAAC-1"
"1734","GAATCACCAGTAGTTC-1"
"1735","GAATCACGTACTCGTA-1"
"1736","GAATCACTCCAATGCA-1"
"1737","GAATCACTCGCCTAGG-1"
"1738","GAATCGTCACACGGAA-1"
"1739","GAATCGTGTATAATGG-1"
"1740","GAATCGTGTTCGATTG-1"
"1741","GAATCGTTCATCCTGC-1"
"1742","GACACGCAGGAACGTC-1"
"1743","GACACGCAGGTAGCCA-1"
"1744","GACACGCGTACGTGTT-1"
"1745","GACAGCCAGGAGGCAG-1"
"1746","GACAGCCCACGTAGAG-1"
"1747","GACAGCCGTCTTTATC-1"
"1748","GACATCAAGATCGGTG-1"
"1749","GACATCAGTCCAAGAG-1"
"1750","GACATCAGTGAGACGT-1"
"1751","GACATCAGTTTGGAGG-1"
"1752","GACATCATCGCGTAGC-1"
"1753","GACCAATCAACGATTC-1"
"1754","GACCAATCAGAGCCCT-1"
"1755","GACCCAGCATGAGTAA-1"
"1756","GACCCAGGTGCTCTTC-1"
"1757","GACCCAGTCCGGTAAT-1"
"1758","GACCCAGTCGTGGGTC-1"
"1759","GACCCAGTCTTGAGCA-1"
"1760","GACCCAGTCTTGATTC-1"
"1761","GACCCTTAGGACGCTA-1"
"1762","GACCCTTGTGCCTAAT-1"
"1763","GACCGTGAGTTCGGTT-1"
"1764","GACCGTGTCACCTTAT-1"
"1765","GACCGTGTCTAGTGAC-1"
"1766","GACCGTGTCTGGACCG-1"
"1767","GACCTTCAGAAGATCT-1"
"1768","GACCTTCAGCCTATCA-1"
"1769","GACCTTCAGGACGCTA-1"
"1770","GACCTTCCAAGTGATA-1"
"1771","GACCTTCCATCCGAGC-1"
"1772","GACCTTCGTATGAGGC-1"
"1773","GACCTTCGTGCTATTG-1"
"1774","GACCTTCTCAAGATAG-1"
"1775","GACGCTGCATGAATAG-1"
"1776","GACGCTGGTCGAGTTT-1"
"1777","GACGCTGTCACTCTTA-1"
"1778","GACGCTGTCAGGAACG-1"
"1779","GACGCTGTCCTCAGAA-1"
"1780","GACGCTGTCGGTGTTA-1"
"1781","GACGTTACATACTTTC-1"
"1782","GACGTTATCGCCGTGA-1"
"1783","GACTATGAGTGCTAGG-1"
"1784","GACTATGCAACAAGTA-1"
"1785","GACTATGCACATGACT-1"
"1786","GACTATGCACCTGCGA-1"
"1787","GACTATGGTGGTAATA-1"
"1788","GACTATGGTTCTCCAC-1"
"1789","GACTCAAAGACTCATC-1"
"1790","GACTCAAAGCAGGCAT-1"
"1791","GACTCAAAGCTAAGTA-1"
"1792","GACTCAACATCGAAGG-1"
"1793","GACTCAAGTATGGGAC-1"
"1794","GACTCAAGTATTTCCT-1"
"1795","GACTCTCGTACGTACT-1"
"1796","GACTCTCGTGGCCCAT-1"
"1797","GACTCTCGTTAGGGTG-1"
"1798","GACTCTCTCGCCTATC-1"
"1799","GACTCTCTCTAACGGT-1"
"1800","GACTGATAGCCAAGGT-1"
"1801","GACTTCCAGACTACGG-1"
"1802","GACTTCCCATTGGGAG-1"
"1803","GACTTCCGTTGTACGT-1"
"1804","GACTTCCTCGTAATGC-1"
"1805","GAGAAATCAGACAATA-1"
"1806","GAGAAATGTACCGGAA-1"
"1807","GAGACCCCAAGAAACT-1"
"1808","GAGACCCGTGGCTTAT-1"
"1809","GAGACTTAGGTACCTT-1"
"1810","GAGACTTAGTGGTGAC-1"
"1811","GAGACTTGTGAATGAT-1"
"1812","GAGACTTTCTGGACTA-1"
"1813","GAGACTTTCTGTTGGA-1"
"1814","GAGAGGTCAGGGAATC-1"
"1815","GAGAGGTCATCATTGG-1"
"1816","GAGAGGTGTCGAACGA-1"
"1817","GAGAGGTGTGCAACGA-1"
"1818","GAGATGGCATATACCG-1"
"1819","GAGCCTGAGCATGAAT-1"
"1820","GAGCCTGGTTAAGTCC-1"
"1821","GAGCCTGTCCTTACCG-1"
"1822","GAGCTGCCATTGTGCA-1"
"1823","GAGCTGCTCTGACAGT-1"
"1824","GAGGCAACAAGGATGC-1"
"1825","GAGGCAAGTAACCCTA-1"
"1826","GAGGCAATCCACACCT-1"
"1827","GAGGCCTAGGGTATAT-1"
"1828","GAGGCCTGTCCACTCT-1"
"1829","GAGGCCTGTCGGCTAC-1"
"1830","GAGGCCTTCTGAGCAT-1"
"1831","GAGGGATAGGTTGACG-1"
"1832","GAGGGATCAGAGCCCT-1"
"1833","GAGGGATGTCATCCGG-1"
"1834","GAGGGTAGTCAGCTTA-1"
"1835","GAGGGTATCACGGAGA-1"
"1836","GAGGGTATCCACACCT-1"
"1837","GAGTCATAGAAAGTCT-1"
"1838","GAGTCATAGAAGCCAC-1"
"1839","GAGTCATAGGGAGGAC-1"
"1840","GAGTCATCAAAGCGTG-1"
"1841","GAGTCATCATGACGAG-1"
"1842","GAGTCATGTATCGTAC-1"
"1843","GAGTCATTCCATTTCA-1"
"1844","GAGTCTAAGAGGATCC-1"
"1845","GAGTCTAGTGACCGAA-1"
"1846","GAGTGAGTCTTCGCTG-1"
"1847","GAGTGTTAGCAGAAAG-1"
"1848","GAGTGTTGTAATCAAG-1"
"1849","GAGTGTTTCTCGGGAC-1"
"1850","GAGTGTTTCTGAATCG-1"
"1851","GAGTTACAGATCACTC-1"
"1852","GAGTTACAGATCGCTT-1"
"1853","GAGTTACAGCGGTATG-1"
"1854","GAGTTACGTTGCATGT-1"
"1855","GAGTTACTCCATTGTT-1"
"1856","GAGTTGTCACCTAAAC-1"
"1857","GAGTTGTCAGCTGCCA-1"
"1858","GAGTTGTCAGGCATGA-1"
"1859","GAGTTGTCATGAGGGT-1"
"1860","GAGTTTGCATCCAATG-1"
"1861","GAGTTTGGTATCCTCC-1"
"1862","GAGTTTGTCGACGTCG-1"
"1863","GATAGAACAAATAGCA-1"
"1864","GATAGAAGTTCCGCAG-1"
"1865","GATAGAATCGTAGCCG-1"
"1866","GATAGAATCTCGGCTT-1"
"1867","GATAGCTCACGAGGTA-1"
"1868","GATAGCTCAGACACCC-1"
"1869","GATAGCTTCCGTTTCG-1"
"1870","GATCACAGTGATGTAA-1"
"1871","GATCAGTCAAGCTGCC-1"
"1872","GATCAGTCACCCAAGC-1"
"1873","GATCAGTCATCCAACA-1"
"1874","GATCAGTTCCGCCTAT-1"
"1875","GATCAGTTCGACTCCT-1"
"1876","GATCATGAGCTCAGAG-1"
"1877","GATCATGTCAGGCGAA-1"
"1878","GATCCCTCATCTGGGC-1"
"1879","GATCCCTTCGAGTTGT-1"
"1880","GATCCCTTCGATAACC-1"
"1881","GATCGTAAGTGCTCAT-1"
"1882","GATCGTAGTCCAATCA-1"
"1883","GATGACTAGACTACCT-1"
"1884","GATGACTCATAAGCGG-1"
"1885","GATGACTGTAGGACTG-1"
"1886","GATGACTGTCGGTACC-1"
"1887","GATGACTTCAAGGTGG-1"
"1888","GATGAGGAGAGAACCC-1"
"1889","GATGAGGCAGCAGTTT-1"
"1890","GATGAGGGTACTGTTG-1"
"1891","GATGATCAGATAACGT-1"
"1892","GATGATCAGATCGACG-1"
"1893","GATGATCAGTAGGCCA-1"
"1894","GATGATCAGTTGTACC-1"
"1895","GATGATCCACAAAGCG-1"
"1896","GATGATCCAGCTCATA-1"
"1897","GATGCTAAGATGACAT-1"
"1898","GATGCTAAGGGTTAAT-1"
"1899","GATGCTACATGGTACT-1"
"1900","GATGCTAGTGTGATGG-1"
"1901","GATGCTATCCTTATAC-1"
"1902","GATGGAGCACTCCTGT-1"
"1903","GATGGAGCAGCGCTTG-1"
"1904","GATGGAGCATAGGAGC-1"
"1905","GATGGAGGTGACTGTT-1"
"1906","GATGGAGTCTAGACCA-1"
"1907","GATGTTGAGCACTGGA-1"
"1908","GATGTTGAGCCGCTTG-1"
"1909","GATGTTGAGGGAGTGG-1"
"1910","GATGTTGCAGAGTTGG-1"
"1911","GATGTTGTCACATTGG-1"
"1912","GATGTTGTCGGTCATA-1"
"1913","GATGTTGTCTAATTCC-1"
"1914","GATTCGAAGGAAGTGA-1"
"1915","GATTCGAAGGCTTCCG-1"
"1916","GATTCGACACTTGACA-1"
"1917","GATTCGATCACCATCC-1"
"1918","GATTCGATCTATACGG-1"
"1919","GATTCTTCAATCACGT-1"
"1920","GATTCTTCACACCGCA-1"
"1921","GATTCTTGTACTTCCC-1"
"1922","GATTCTTGTGCCCAGT-1"
"1923","GATTCTTTCAGAATAG-1"
"1924","GATTCTTTCGACATTG-1"
"1925","GATTGGTGTTGACTAC-1"
"1926","GATTTCTAGCCGGATA-1"
"1927","GATTTCTAGGGCAATC-1"
"1928","GATTTCTCAGTTAGGG-1"
"1929","GATTTCTGTCGAGCTC-1"
"1930","GATTTCTTCCCTTTGG-1"
"1931","GCAACATAGGATGCGT-1"
"1932","GCAACCGAGCATCCTA-1"
"1933","GCAACCGCAACAGCCC-1"
"1934","GCAACCGGTAGTGATA-1"
"1935","GCAACCGGTCCAACGC-1"
"1936","GCAACCGTCTAGTGTG-1"
"1937","GCAACCGTCTCAGGCG-1"
"1938","GCACATAAGGGCCTCT-1"
"1939","GCACATATCTCGTCGT-1"
"1940","GCACGGTGTATGAGGC-1"
"1941","GCACGGTGTGTGCTTA-1"
"1942","GCACGGTTCCACCTGT-1"
"1943","GCACGGTTCCTATTGT-1"
"1944","GCACGGTTCTCGACGG-1"
"1945","GCACGGTTCTCGAGTA-1"
"1946","GCACGTGAGAATCGAT-1"
"1947","GCACGTGCAGCAGTCC-1"
"1948","GCACGTGGTTGTGGCC-1"
"1949","GCACGTGTCACCGACG-1"
"1950","GCACTAACAAAGTATG-1"
"1951","GCACTAATCATCTCTA-1"
"1952","GCAGCCAAGCAATAAC-1"
"1953","GCAGCCAAGCCAAGGT-1"
"1954","GCAGCCAGTTTACGAC-1"
"1955","GCAGCCATCGGCTATA-1"
"1956","GCAGCCATCTCTGGTC-1"
"1957","GCAGCCATCTGGGTCG-1"
"1958","GCAGCTGCACACTGGC-1"
"1959","GCAGCTGCACGAGAAC-1"
"1960","GCAGCTGGTACAGTTC-1"
"1961","GCAGCTGGTCCACACG-1"
"1962","GCAGCTGGTCGAGATG-1"
"1963","GCAGCTGGTGCATACT-1"
"1964","GCAGCTGGTGGCTAGA-1"
"1965","GCAGCTGTCGCCAGTG-1"
"1966","GCAGGCTGTGGAACAC-1"
"1967","GCAGTTAGTGAGGATC-1"
"1968","GCATCGGCATAATCCG-1"
"1969","GCATCGGCATGACAGG-1"
"1970","GCATCTCAGTACAGCG-1"
"1971","GCATCTCCACAACGAG-1"
"1972","GCATCTCCAGCACACC-1"
"1973","GCATCTCGTCGTTCAA-1"
"1974","GCATCTCTCTGCAGCG-1"
"1975","GCATGATAGACATACA-1"
"1976","GCATGATAGCGTTACT-1"
"1977","GCATGATAGTAAACGT-1"
"1978","GCATGATCACCAATTG-1"
"1979","GCATGATGTGGGCTTC-1"
"1980","GCATGATGTGGTTTGT-1"
"1981","GCATGATTCATTGCGA-1"
"1982","GCATGATTCGAGAGAC-1"
"1983","GCATTAGCAGACACCC-1"
"1984","GCATTAGGTATTTCTC-1"
"1985","GCATTAGGTGAATGTA-1"
"1986","GCATTAGTCAGGAAGC-1"
"1987","GCATTAGTCCTCAGAA-1"
"1988","GCCAACGAGACCATTC-1"
"1989","GCCAACGAGTCGAAGC-1"
"1990","GCCAACGCAAGCCATT-1"
"1991","GCCAACGGTATCAGCT-1"
"1992","GCCAACGGTGGATCAG-1"
"1993","GCCAGCAAGATACAGT-1"
"1994","GCCAGCAAGTCGTCTA-1"
"1995","GCCAGCAGTACGATTC-1"
"1996","GCCAGCAGTTGCTCAA-1"
"1997","GCCAGCATCAACTACG-1"
"1998","GCCAGGTAGAAGAGCA-1"
"1999","GCCAGGTCACATGTTG-1"
"2000","GCCAGGTCATACGCAT-1"
"2001","GCCAGGTCATGACACT-1"
"2002","GCCAGGTTCTTACGGA-1"
"2003","GCCAGTGAGCAGGTCA-1"
"2004","GCCAGTGCACAGGATG-1"
"2005","GCCAGTGGTCTGCCTT-1"
"2006","GCCAGTGTCTCCGAAA-1"
"2007","GCCATGGAGAAACTCA-1"
"2008","GCCATGGAGAGAGCGG-1"
"2009","GCCATGGAGCATCGAG-1"
"2010","GCCATGGCAAGCACCC-1"
"2011","GCCATGGCACAAATCC-1"
"2012","GCCATGGCAGGTGACA-1"
"2013","GCCATGGGTTCTATCT-1"
"2014","GCCATTCCAAGCGAGT-1"
"2015","GCCATTCGTGGTTTGT-1"
"2016","GCCCAGAAGTGGAAGA-1"
"2017","GCCCAGACAGAGGGTT-1"
"2018","GCCCAGAGTGAGATAT-1"
"2019","GCCCAGATCCTGGGTG-1"
"2020","GCCCGAAAGAGCCATG-1"
"2021","GCCCGAAAGCGACTTT-1"
"2022","GCCGATGAGATGACAT-1"
"2023","GCCGATGAGGCCTGAA-1"
"2024","GCCGATGCAATCGCAT-1"
"2025","GCCGATGCATCCGGCA-1"
"2026","GCCGATGGTCGCAGTC-1"
"2027","GCCGATGTCATCGCCT-1"
"2028","GCCGATGTCTCATTGT-1"
"2029","GCCGTGAAGTAAGACT-1"
"2030","GCCGTGACAGCGTTGC-1"
"2031","GCCGTGAGTAGATGTA-1"
"2032","GCCTGTTAGAATCTAG-1"
"2033","GCCTGTTCAATTGCGT-1"
"2034","GCCTGTTGTAGAGACC-1"
"2035","GCCTGTTTCATCTATC-1"
"2036","GCGAGAAAGTTGGAAT-1"
"2037","GCGAGAACACGTCGGT-1"
"2038","GCGATCGAGATGAACT-1"
"2039","GCGGAAAGTTCTTCAT-1"
"2040","GCGGAAATCGCACGGT-1"
"2041","GCGGATCCACCGTACG-1"
"2042","GCGGATCCAGACCCGT-1"
"2043","GCGGATCCATCATCTT-1"
"2044","GCGGATCTCATAGACC-1"
"2045","GCGGATCTCGAACGGA-1"
"2046","GCGTGCAAGTTGCATC-1"
"2047","GCGTGCAGTAGAATAC-1"
"2048","GCGTTTCAGAAATGGG-1"
"2049","GCGTTTCCAGTTCTAG-1"
"2050","GCGTTTCGTCGTACAT-1"
"2051","GCGTTTCGTTGCTCCT-1"
"2052","GCTACAAAGCAACAGC-1"
"2053","GCTACAAAGGTAAGAG-1"
"2054","GCTACAAGTTCTTAGG-1"
"2055","GCTACAAGTTTGTGGT-1"
"2056","GCTACCTAGTAAGAGG-1"
"2057","GCTACCTCAGTTGTCA-1"
"2058","GCTACCTTCGATAACC-1"
"2059","GCTACCTTCGCACGGT-1"
"2060","GCTACCTTCGCCACTT-1"
"2061","GCTCAAACAAGGTCAG-1"
"2062","GCTCAAACACTTGAAC-1"
"2063","GCTCAAACAGACGGAT-1"
"2064","GCTCAAACAGAGGTAC-1"
"2065","GCTCAAAGTTACCGTA-1"
"2066","GCTGAATAGTGTTGAA-1"
"2067","GCTGAATCAAGTTCGT-1"
"2068","GCTGAATCACGCTGTG-1"
"2069","GCTGCAGCAGCTGCCA-1"
"2070","GCTGCAGCAGTCTTCC-1"
"2071","GCTGCAGGTTGCTCAA-1"
"2072","GCTGGGTGTCACTCAA-1"
"2073","GCTTCACCAGGTACGA-1"
"2074","GCTTCACCATCGTGCG-1"
"2075","GCTTCACGTACCTAAC-1"
"2076","GCTTCACTCCCTCTAG-1"
"2077","GCTTCACTCGCGGTAC-1"
"2078","GCTTGGGTCCCGTGAG-1"
"2079","GCTTTCGCACTAGTAC-1"
"2080","GCTTTCGGTCAATGGG-1"
"2081","GGAACCCAGAAGCGGG-1"
"2082","GGAACCCCACAGTCGC-1"
"2083","GGAACCCGTATTAAGG-1"
"2084","GGAAGTGAGCATGAAT-1"
"2085","GGAAGTGGTGACATCT-1"
"2086","GGAAGTGGTTGCCGCA-1"
"2087","GGAATCTCAGGCGAAT-1"
"2088","GGAATCTGTGAGGCAT-1"
"2089","GGAATCTTCTAGGAAA-1"
"2090","GGAATGGAGAATTGTG-1"
"2091","GGAATGGAGTCCCGAC-1"
"2092","GGAATGGTCACCTACC-1"
"2093","GGAATGGTCGCCGATG-1"
"2094","GGACGTCCAAGTGGGT-1"
"2095","GGACGTCGTAGGACCA-1"
"2096","GGACGTCGTGGCGTAA-1"
"2097","GGACGTCTCGATTGGT-1"
"2098","GGACGTCTCGCACGAC-1"
"2099","GGAGAACCATCTGCGG-1"
"2100","GGAGAACGTAGAGTTA-1"
"2101","GGAGAACGTCGATTTG-1"
"2102","GGAGATGAGCAACTTC-1"
"2103","GGAGATGGTTAGGGAC-1"
"2104","GGAGATGTCACGGTCG-1"
"2105","GGAGATGTCCTGTAGA-1"
"2106","GGAGATGTCGATGCAT-1"
"2107","GGAGCAACATGATGCT-1"
"2108","GGAGCAAGTCCCGCAA-1"
"2109","GGAGGATCAAAGCAAT-1"
"2110","GGAGGTACACCATATG-1"
"2111","GGAGGTAGTCTCGGGT-1"
"2112","GGAGGTAGTTGGGTTT-1"
"2113","GGATCTAAGCTTGTGT-1"
"2114","GGATCTAGTTACTCAG-1"
"2115","GGATGTTAGAAGGTAG-1"
"2116","GGATGTTCAGCAGATG-1"
"2117","GGATGTTGTTAAGGGC-1"
"2118","GGATGTTTCATCGCAA-1"
"2119","GGCACGTAGGTTTACC-1"
"2120","GGCACGTCACCTGTCT-1"
"2121","GGCACGTGTTTACTTC-1"
"2122","GGCAGTCCACGAGAAC-1"
"2123","GGCGTCAAGACTGAGC-1"
"2124","GGCGTCAAGATTAGAC-1"
"2125","GGCGTCACAACGTATC-1"
"2126","GGCGTCACAAGCACCC-1"
"2127","GGCGTCACATTCATCT-1"
"2128","GGCTGTGAGCCTTGAT-1"
"2129","GGCTGTGAGTACAGCG-1"
"2130","GGCTGTGGTCGACTTA-1"
"2131","GGCTGTGGTCTCAGAT-1"
"2132","GGCTGTGGTTCTATCT-1"
"2133","GGCTTGGAGATGTTCC-1"
"2134","GGCTTGGAGGATTTGA-1"
"2135","GGCTTGGGTGAGGATC-1"
"2136","GGCTTGGTCATAGAGA-1"
"2137","GGCTTGGTCCCATAAG-1"
"2138","GGCTTTCAGCAACTCT-1"
"2139","GGCTTTCCAGGATTCT-1"
"2140","GGCTTTCGTAGATCCT-1"
"2141","GGGAAGTAGCGCCTTG-1"
"2142","GGGAAGTCACAGCTGC-1"
"2143","GGGAAGTCAGTTAGGG-1"
"2144","GGGAAGTGTCACTAGT-1"
"2145","GGGAAGTTCTGTGTGA-1"
"2146","GGGACAATCACGATAC-1"
"2147","GGGACAATCTTCCCAG-1"
"2148","GGGACCTCAGTCGGAA-1"
"2149","GGGACCTGTAGTGTGG-1"
"2150","GGGACCTGTAGTTAGA-1"
"2151","GGGACCTGTCAACCTA-1"
"2152","GGGACTCAGCAGCAGT-1"
"2153","GGGACTCAGGTGCTTT-1"
"2154","GGGACTCCAAGGCAAC-1"
"2155","GGGACTCCACGTGTGC-1"
"2156","GGGACTCCAGACTGCC-1"
"2157","GGGACTCTCGTGGAAG-1"
"2158","GGGAGTAAGTGGTCAG-1"
"2159","GGGAGTAAGTTACTCG-1"
"2160","GGGAGTACAGAACTAA-1"
"2161","GGGAGTACAGCAGTTT-1"
"2162","GGGAGTATCCTCTGCA-1"
"2163","GGGATCCCAGCCGTCA-1"
"2164","GGGATGAAGCTAAGTA-1"
"2165","GGGATGACATCGCCTT-1"
"2166","GGGATGATCAGTGTTG-1"
"2167","GGGCCATAGTGGACTG-1"
"2168","GGGCCATCAGGTCAGA-1"
"2169","GGGCCATGTCCTGTTC-1"
"2170","GGGCGTTCACTGTGTA-1"
"2171","GGGCGTTGTGCAATAA-1"
"2172","GGGCTACAGCTAGTTC-1"
"2173","GGGCTACCAAAGGGTC-1"
"2174","GGGCTACCACGTGTGC-1"
"2175","GGGCTACCACTAGTAC-1"
"2176","GGGCTACGTGGATCAG-1"
"2177","GGGCTCACAATAACGA-1"
"2178","GGGCTCACATAACGGG-1"
"2179","GGGTAGAAGAGGATGA-1"
"2180","GGGTAGACACCATTCC-1"
"2181","GGGTATTAGGGTGAGG-1"
"2182","GGGTATTCAGACGGAT-1"
"2183","GGGTATTGTGTCCATA-1"
"2184","GGGTATTTCACATCAG-1"
"2185","GGGTCACCATGCCGGT-1"
"2186","GGGTCACCATTCGGGC-1"
"2187","GGGTCACGTAACAGGC-1"
"2188","GGGTCACGTGGATACG-1"
"2189","GGGTCTGAGCAAGCCA-1"
"2190","GGGTCTGGTAGCTGAG-1"
"2191","GGGTCTGGTTAAGCAA-1"
"2192","GGGTGAAAGATGTTCC-1"
"2193","GGGTGAAAGGTCATCT-1"
"2194","GGGTGAACATTCTCCG-1"
"2195","GGGTGAAGTAGGACCA-1"
"2196","GGGTGAATCAACTTTC-1"
"2197","GGGTGAATCCTTCTAA-1"
"2198","GGGTGTCCATAACGGG-1"
"2199","GGGTGTCTCCGACGGT-1"
"2200","GGGTTATGTCTTGCTC-1"
"2201","GGGTTATTCCTATGGA-1"
"2202","GGGTTATTCCTCACGT-1"
"2203","GGGTTATTCCTCTAAT-1"
"2204","GGGTTTAAGAGCAACC-1"
"2205","GGGTTTACAGCTTTGA-1"
"2206","GGTAACTAGATGCTGG-1"
"2207","GGTAACTAGCGAGTCA-1"
"2208","GGTAACTCAATGTGGG-1"
"2209","GGTAACTCACAGAGAC-1"
"2210","GGTAACTCATAATCCG-1"
"2211","GGTAACTGTCGTATGT-1"
"2212","GGTAATCAGATGGGCT-1"
"2213","GGTAATCCAGCTCTGG-1"
"2214","GGTAATCGTATGTCCA-1"
"2215","GGTAATCGTTGAAGTA-1"
"2216","GGTAGAGCAAGTGCTT-1"
"2217","GGTAGAGGTTAGAAAC-1"
"2218","GGTAGAGTCCCAAGCG-1"
"2219","GGTCTGGCAGAGGAAA-1"
"2220","GGTCTGGGTAGTTACC-1"
"2221","GGTCTGGGTCTACGTA-1"
"2222","GGTCTGGGTTTCGTGA-1"
"2223","GGTGAAGCACCCTAAA-1"
"2224","GGTGAAGCAGGTCTCG-1"
"2225","GGTGAAGCATTCACCC-1"
"2226","GGTGAAGGTGTGTCCG-1"
"2227","GGTGAAGTCACTCGAA-1"
"2228","GGTGATTAGATCCAAA-1"
"2229","GGTGATTGTTAATGAG-1"
"2230","GGTGGCTAGTATGAAC-1"
"2231","GGTGGCTCAAGCTACT-1"
"2232","GGTGGCTCAGGTTCAT-1"
"2233","GGTGGCTGTAGGACTG-1"
"2234","GGTGTCGCAACAGCCC-1"
"2235","GGTGTCGCACAAGTTC-1"
"2236","GGTGTCGGTTGCGTAT-1"
"2237","GGTGTCGTCAATCCGA-1"
"2238","GGTGTCGTCAGTGATC-1"
"2239","GGTGTTAAGGGTAGCT-1"
"2240","GGTGTTACAGTGCCTG-1"
"2241","GGTGTTATCGCTATTT-1"
"2242","GGTTAACAGTCAGCCC-1"
"2243","GGTTAACCAGTCCCGA-1"
"2244","GGTTAACCAGTGACCC-1"
"2245","GGTTAACTCACGGGAA-1"
"2246","GGTTAACTCCATACAG-1"
"2247","GGTTCTCGTAGACTGG-1"
"2248","GGTTCTCTCACCTCGT-1"
"2249","GGTTCTCTCCGTTGAA-1"
"2250","GGTTGTAAGACTTGTC-1"
"2251","GGTTGTAAGTTGTAGA-1"
"2252","GGTTGTACAGGTGAGT-1"
"2253","GGTTGTAGTCCACTCT-1"
"2254","GTAACACAGTTGCATC-1"
"2255","GTAACACCACCGTGAC-1"
"2256","GTAACACTCCACACAA-1"
"2257","GTAACCACATCGAGCC-1"
"2258","GTAACCATCCATCAGA-1"
"2259","GTAACCATCTGCATGA-1"
"2260","GTAAGTCCAGGCCTGT-1"
"2261","GTAAGTCCATCAGCGC-1"
"2262","GTAAGTCGTGCCTGCA-1"
"2263","GTAAGTCTCGCTCCTA-1"
"2264","GTAAGTCTCTGCGGAC-1"
"2265","GTAATCGGTCTAGTGT-1"
"2266","GTAATCGGTGATTGGG-1"
"2267","GTAATCGGTGCCTGCA-1"
"2268","GTAATCGTCGTCTACC-1"
"2269","GTAATGCCAAGACCGA-1"
"2270","GTAATGCTCACTGTTT-1"
"2271","GTAATGCTCGGTTGTA-1"
"2272","GTACAACAGACCATGG-1"
"2273","GTACAACAGTTTGGCT-1"
"2274","GTACAACCAAAGGGCT-1"
"2275","GTACAACCACTCCGAG-1"
"2276","GTACAACCATCAGTGT-1"
"2277","GTACAACCATTGAGCT-1"
"2278","GTACAGTAGCTCCACG-1"
"2279","GTACAGTAGGTTACCT-1"
"2280","GTACAGTCAACCACAT-1"
"2281","GTACAGTCACCCAACG-1"
"2282","GTACAGTCAGAGAGGG-1"
"2283","GTACAGTCAGTATTCG-1"
"2284","GTACAGTGTCATAACC-1"
"2285","GTACAGTTCTAAACGC-1"
"2286","GTACAGTTCTGGTTGA-1"
"2287","GTAGAAAGTATGGGAC-1"
"2288","GTAGAAATCAGCTTCC-1"
"2289","GTAGAAATCATTTCGT-1"
"2290","GTAGAAATCTTAGTTC-1"
"2291","GTAGAAATCTTCTGGC-1"
"2292","GTAGAGGAGAGAGCCT-1"
"2293","GTAGAGGAGCGTGCCT-1"
"2294","GTAGAGGGTAGCTTGT-1"
"2295","GTAGAGGGTCCTGTCT-1"
"2296","GTAGAGGGTGCTCTTC-1"
"2297","GTAGAGGTCCATTTAC-1"
"2298","GTAGAGGTCTTCTCAA-1"
"2299","GTAGATCAGGCAGCTA-1"
"2300","GTAGATCAGGCCGCTT-1"
"2301","GTAGATCGTATGAAAC-1"
"2302","GTAGATCTCCGAGAAG-1"
"2303","GTAGATCTCGACTCCT-1"
"2304","GTAGCTAAGATCCCAT-1"
"2305","GTAGCTACAGAATCGG-1"
"2306","GTAGCTAGTTGTTGAC-1"
"2307","GTAGGAGAGAGAAGGT-1"
"2308","GTAGGAGAGCCTATTG-1"
"2309","GTAGGAGAGCCTGACC-1"
"2310","GTAGGAGAGGCGTTAG-1"
"2311","GTAGGAGAGGCTCAAG-1"
"2312","GTAGGAGAGTTTGGCT-1"
"2313","GTAGGAGCATTCTCCG-1"
"2314","GTAGGAGGTATTTCGG-1"
"2315","GTAGGAGGTCAGATTC-1"
"2316","GTAGGAGGTCTACAGT-1"
"2317","GTAGGAGGTGCTCTTC-1"
"2318","GTAGGAGTCAACTCTT-1"
"2319","GTAGGAGTCGCCAACG-1"
"2320","GTAGGAGTCGTTATCT-1"
"2321","GTAGGTTAGTATCCTG-1"
"2322","GTAGGTTCAAAGTATG-1"
"2323","GTAGGTTCAATGCTCA-1"
"2324","GTAGGTTCAGCGTACC-1"
"2325","GTAGGTTCATCCCGTT-1"
"2326","GTAGGTTGTGAATAAC-1"
"2327","GTAGGTTTCACCATGA-1"
"2328","GTAGGTTTCATTCGTT-1"
"2329","GTAGGTTTCGAAGTGG-1"
"2330","GTAGTACAGAATTTGG-1"
"2331","GTAGTACCACAGTACT-1"
"2332","GTAGTACCATAACTCG-1"
"2333","GTAGTACGTATGGTAA-1"
"2334","GTAGTACGTCGAACAG-1"
"2335","GTAGTACGTCGATTTG-1"
"2336","GTAGTACGTCTTCTAT-1"
"2337","GTATTGGAGACGCCAA-1"
"2338","GTATTGGAGGAATCGC-1"
"2339","GTATTGGCAATTGCGT-1"
"2340","GTATTGGCATGTGGCC-1"
"2341","GTATTGGTCAATCGGT-1"
"2342","GTATTGGTCTATTTCG-1"
"2343","GTATTGGTCTTCGATT-1"
"2344","GTATTTCTCGACGAGA-1"
"2345","GTCAAACAGAATAACC-1"
"2346","GTCAAACAGCAAGGAA-1"
"2347","GTCAAACAGCCTAACT-1"
"2348","GTCAAACAGGCTAGCA-1"
"2349","GTCAAACAGGCTTAAA-1"
"2350","GTCAAACTCACGGGAA-1"
"2351","GTCAAACTCACGTAGT-1"
"2352","GTCAAGTCATAACCCA-1"
"2353","GTCAAGTTCCTAACAG-1"
"2354","GTCAAGTTCGACGCTG-1"
"2355","GTCACGGCACAAATCC-1"
"2356","GTCACGGTCAGACCGC-1"
"2357","GTCACGGTCTGAATCG-1"
"2358","GTCACTCAGATGTAGT-1"
"2359","GTCACTCAGGCGTTAG-1"
"2360","GTCACTCCACACTTAG-1"
"2361","GTCACTCGTGTGCTTA-1"
"2362","GTCAGCGCAGGAAGTC-1"
"2363","GTCAGCGGTGACCTGC-1"
"2364","GTCAGCGGTGAGTAGC-1"
"2365","GTCATCCAGAACTCCT-1"
"2366","GTCATCCAGCGCCTCA-1"
"2367","GTCATCCCAAAGGCGT-1"
"2368","GTCATCCCAACGTTAC-1"
"2369","GTCATCCCATGCCGCA-1"
"2370","GTCATCCGTATCGATC-1"
"2371","GTCATCCGTGTATCCA-1"
"2372","GTCATCCTCATTTGCT-1"
"2373","GTCATCCTCGAGTGAG-1"
"2374","GTCATGAAGTCTAACC-1"
"2375","GTCATGACAAGAGATT-1"
"2376","GTCATGACAAGATGGC-1"
"2377","GTCATGAGTGCATCTA-1"
"2378","GTCATTTAGAAGGTAG-1"
"2379","GTCATTTCACCGGAAA-1"
"2380","GTCATTTGTGACTAAA-1"
"2381","GTCCACTAGACAACAT-1"
"2382","GTCCACTAGGCAGGGA-1"
"2383","GTCCACTCACGAGGAT-1"
"2384","GTCCACTTCTTACGGA-1"
"2385","GTCCCATAGAGTAACT-1"
"2386","GTCCCATGTAACACCT-1"
"2387","GTCCCATGTTGTAAAG-1"
"2388","GTCCCATTCAGACATC-1"
"2389","GTCCCATTCCGGCAAC-1"
"2390","GTCCTCAAGACTTAAG-1"
"2391","GTCCTCATCTCCAAGA-1"
"2392","GTCGAATCACTACAGT-1"
"2393","GTCGAATGTGTCATCA-1"
"2394","GTCGAATTCATCCTAT-1"
"2395","GTCGCGAGTGTCATGT-1"
"2396","GTCGTAACACGCTATA-1"
"2397","GTCGTAACAGATACCT-1"
"2398","GTCGTAAGTAGACGGT-1"
"2399","GTCGTAATCGCGCTGA-1"
"2400","GTCGTTCCACGACGCT-1"
"2401","GTCGTTCCAGCATGCC-1"
"2402","GTCGTTCGTTCCGCAG-1"
"2403","GTCTACCAGACCATGG-1"
"2404","GTCTACCAGGTAGACC-1"
"2405","GTCTACCCATAGAAAC-1"
"2406","GTCTACCGTGAGACCA-1"
"2407","GTCTACCGTTCTTGTT-1"
"2408","GTCTACCTCATGGGAG-1"
"2409","GTCTAGACAATTGAGA-1"
"2410","GTCTAGACACACAGCC-1"
"2411","GTCTAGACACTACAGT-1"
"2412","GTCTAGATCAGTCCGG-1"
"2413","GTCTCACCAGTCCGTG-1"
"2414","GTCTCACTCCATAGGT-1"
"2415","GTCTGTCGTCAAAGAT-1"
"2416","GTCTGTCTCACCATCC-1"
"2417","GTCTTTAAGTTAGTGA-1"
"2418","GTCTTTACAAGCTGTT-1"
"2419","GTCTTTACACAGTGAG-1"
"2420","GTCTTTATCCTTATAC-1"
"2421","GTCTTTATCGACACTA-1"
"2422","GTCTTTATCTAACACG-1"
"2423","GTCTTTATCTGCGATA-1"
"2424","GTGAGCCAGTCTAGAA-1"
"2425","GTGAGCCCAAATGAAC-1"
"2426","GTGAGCCTCGACACCG-1"
"2427","GTGAGGACAGACGATG-1"
"2428","GTGAGGACAGTAGTTC-1"
"2429","GTGAGTTAGGGCTGAT-1"
"2430","GTGAGTTGTATCACCA-1"
"2431","GTGAGTTGTCAGCGTC-1"
"2432","GTGATGTTCAGTCACA-1"
"2433","GTGATGTTCTGAGATC-1"
"2434","GTGCACGAGAACTCCT-1"
"2435","GTGCACGAGTTTGGCT-1"
"2436","GTGCAGCCACTTGACA-1"
"2437","GTGCGTGCACGTGAGA-1"
"2438","GTGCGTGCAGCTGTGC-1"
"2439","GTGCGTGGTCACTACA-1"
"2440","GTGCGTGGTTTATGCG-1"
"2441","GTGCGTGGTTTGTGGT-1"
"2442","GTGCGTGTCGTGCTCT-1"
"2443","GTGCTGGAGAATGTTG-1"
"2444","GTGCTGGGTTTCCCAC-1"
"2445","GTGCTTCCAAGACGAC-1"
"2446","GTGCTTCGTAGATCGG-1"
"2447","GTGCTTCTCGAACCTA-1"
"2448","GTGGAAGAGTCCTACA-1"
"2449","GTGGAAGCAACAGCCC-1"
"2450","GTGGAAGGTATCGCGC-1"
"2451","GTGGAAGGTCGGTACC-1"
"2452","GTGGAAGGTGTTTGCA-1"
"2453","GTGGAAGTCATGTCAG-1"
"2454","GTGGAGAAGGCATCAG-1"
"2455","GTGGAGAAGGCTGAAC-1"
"2456","GTGGAGATCTCCGTGT-1"
"2457","GTGGCGTAGGCCACCT-1"
"2458","GTGGCGTGTTAGCGGA-1"
"2459","GTGGCGTTCTGGTTGA-1"
"2460","GTGGGAACACACCGAC-1"
"2461","GTGGGAACACTCCTGT-1"
"2462","GTGGGAAGTATCGAAA-1"
"2463","GTGGGAAGTCGCCACA-1"
"2464","GTGGGAAGTCTTGTCC-1"
"2465","GTGGGAAGTGTAAATG-1"
"2466","GTGGGAATCAGCTGAT-1"
"2467","GTGTAACGTCACGCTG-1"
"2468","GTGTAACTCGTGGCTG-1"
"2469","GTGTAACTCTCGACCT-1"
"2470","GTGTCCTCACTTCAAG-1"
"2471","GTGTCCTGTTTAAGGA-1"
"2472","GTGTCCTTCATCGACA-1"
"2473","GTGTCCTTCCGCCTAT-1"
"2474","GTGTCCTTCTGACGCG-1"
"2475","GTGTCCTTCTGATTCT-1"
"2476","GTGTGATCAGTTTCAG-1"
"2477","GTGTGATCATACAGGG-1"
"2478","GTGTGATGTAGTCCTA-1"
"2479","GTGTGGCAGGGATGTC-1"
"2480","GTGTGGCCACATGGTT-1"
"2481","GTGTTAGAGCAATAGT-1"
"2482","GTGTTAGCAGCATGCC-1"
"2483","GTGTTAGGTAAGACCG-1"
"2484","GTGTTAGGTCCACACG-1"
"2485","GTGTTAGGTTATGGTC-1"
"2486","GTGTTAGTCACATACG-1"
"2487","GTGTTAGTCTGGACTA-1"
"2488","GTGTTCCAGACCAGCA-1"
"2489","GTGTTCCAGCCTAACT-1"
"2490","GTGTTCCAGCGGGTAT-1"
"2491","GTGTTCCAGGGACACT-1"
"2492","GTGTTCCGTGCCCTTT-1"
"2493","GTGTTCCTCCGCCTAT-1"
"2494","GTGTTCCTCTACACAG-1"
"2495","GTTACAGCATTGAAAG-1"
"2496","GTTACAGGTTAACAGA-1"
"2497","GTTACCCAGGGTGAGG-1"
"2498","GTTACCCCACATGACT-1"
"2499","GTTACCCCAGCTTCCT-1"
"2500","GTTACCCGTGGATGAC-1"
"2501","GTTACCCGTTGTTGAC-1"
"2502","GTTACCCTCTCGCTTG-1"
"2503","GTTACGAAGCTGACAG-1"
"2504","GTTACGAAGGCATGCA-1"
"2505","GTTACGAAGTAAACTG-1"
"2506","GTTACGAGTTCTTGCC-1"
"2507","GTTACGAGTTTCCCAC-1"
"2508","GTTAGACAGTTTCTTC-1"
"2509","GTTAGACCAAGAATAC-1"
"2510","GTTAGACGTCTTGTCC-1"
"2511","GTTAGACTCCGATGTA-1"
"2512","GTTAGACTCCGTTGGG-1"
"2513","GTTAGACTCTAGCCAA-1"
"2514","GTTAGTGAGCAACTTC-1"
"2515","GTTAGTGCAAGATCCT-1"
"2516","GTTAGTGCAATGTTGC-1"
"2517","GTTAGTGCACAGCTTA-1"
"2518","GTTAGTGGTCAGGAGT-1"
"2519","GTTATGGAGTATTAGG-1"
"2520","GTTATGGGTGAGTCAG-1"
"2521","GTTATGGTCGTAGGAG-1"
"2522","GTTATGGTCTATACGG-1"
"2523","GTTATGGTCTCACCCA-1"
"2524","GTTCATTAGTCTTCCC-1"
"2525","GTTCCGTAGCTAAATG-1"
"2526","GTTCCGTAGGACCCAA-1"
"2527","GTTCCGTCATCGCCTT-1"
"2528","GTTCCGTTCCATTGCC-1"
"2529","GTTCGCTAGCGTTACT-1"
"2530","GTTCGCTGTTCGTACA-1"
"2531","GTTCGCTTCCGCATAA-1"
"2532","GTTCGCTTCCGCGATG-1"
"2533","GTTCTATAGAGCACTG-1"
"2534","GTTCTATAGGTTCATC-1"
"2535","GTTCTATAGTGTACAA-1"
"2536","GTTCTATGTTAGAGAT-1"
"2537","GTTCTATTCGTGACTA-1"
"2538","GTTGAACAGTTGCGAG-1"
"2539","GTTGAACCATCATCTT-1"
"2540","GTTGAACGTCTACATG-1"
"2541","GTTGAACGTGAATTGA-1"
"2542","GTTGAACGTGGCGTAA-1"
"2543","GTTGCGGAGATAGCTA-1"
"2544","GTTGCGGCACTGGATT-1"
"2545","GTTGCGGCAGTTCTAG-1"
"2546","GTTGCGGGTCGAGCTC-1"
"2547","GTTGCGGGTTCCGTTC-1"
"2548","GTTGCGGTCTGTACAG-1"
"2549","GTTGCTCAGATGATTG-1"
"2550","GTTGCTCCACTCCCTA-1"
"2551","GTTGCTCTCATGCCGG-1"
"2552","GTTGTAGGTATCTCGA-1"
"2553","GTTGTCCAGCTTTGTG-1"
"2554","GTTGTCCTCGAAATCC-1"
"2555","GTTGTGAAGAGCTGCA-1"
"2556","GTTGTGATCAAATAGG-1"
"2557","GTTTACTAGGCCTAGA-1"
"2558","GTTTACTCATCCTATT-1"
"2559","GTTTACTGTGAGAGGG-1"
"2560","GTTTACTGTTGCATTG-1"
"2561","GTTTGGAAGTAAACTG-1"
"2562","GTTTGGACATCGTGCG-1"
"2563","GTTTGGAGTACCGCGT-1"
"2564","GTTTGGATCGAGAGAC-1"
"2565","TAACACGAGGTTAGTA-1"
"2566","TAACACGAGGTTTACC-1"
"2567","TAACACGCACCAGCCA-1"
"2568","TAACACGCAGCTGTCG-1"
"2569","TAACACGGTTTAAGGA-1"
"2570","TAACACGTCTTCTAAC-1"
"2571","TAACCAGCACCAGTTA-1"
"2572","TAACCAGGTCACTCTC-1"
"2573","TAACCAGTCCCTCATG-1"
"2574","TAACGACAGCCTATTG-1"
"2575","TAACGACCATCCTGTC-1"
"2576","TAACGACTCAGCGCAC-1"
"2577","TAACGACTCGAGAACG-1"
"2578","TAACTTCAGAGTCTGG-1"
"2579","TAACTTCCACCCAATA-1"
"2580","TAACTTCCAGGTTCCG-1"
"2581","TAACTTCGTCTAGATC-1"
"2582","TAACTTCGTGCGTCGT-1"
"2583","TAACTTCTCTACCACC-1"
"2584","TAAGCACGTAGCGTTT-1"
"2585","TAAGCCAGTGAGACCA-1"
"2586","TAAGCCAGTTTAGAGA-1"
"2587","TAAGCGTCATCTGGGC-1"
"2588","TAAGCGTGTGACTGTT-1"
"2589","TAAGCGTGTTCGGTAT-1"
"2590","TAAGTCGAGCTCTTCC-1"
"2591","TAAGTCGAGTGAGCCA-1"
"2592","TAAGTCGGTTTGTTGG-1"
"2593","TAAGTCGTCAGGAACG-1"
"2594","TAATCTCCAGGATTCT-1"
"2595","TAATCTCTCACTCACC-1"
"2596","TAATCTCTCTATCGGA-1"
"2597","TAATTCCAGAAGGCTC-1"
"2598","TAATTCCAGGGTTTCT-1"
"2599","TAATTCCAGTCGGGAT-1"
"2600","TAATTCCTCTGTGCGG-1"
"2601","TACAACGAGGACGGAG-1"
"2602","TACAACGAGGTTAGTA-1"
"2603","TACAACGCAAATAGCA-1"
"2604","TACAACGGTGCAATAA-1"
"2605","TACAACGTCCACGGAC-1"
"2606","TACAACGTCCTCAGGG-1"
"2607","TACAACGTCGGAGATG-1"
"2608","TACACCCAGACTACGG-1"
"2609","TACACCCGTAGCTCGC-1"
"2610","TACACCCGTATGATCC-1"
"2611","TACACCCGTCTAGTGT-1"
"2612","TACACCCGTGGACAGT-1"
"2613","TACACCCTCGAAGTGG-1"
"2614","TACAGGTTCATCTCTA-1"
"2615","TACATTCAGCGACCCT-1"
"2616","TACATTCCAGTTGAAA-1"
"2617","TACATTCGTCTCACGG-1"
"2618","TACATTCGTTCGGCGT-1"
"2619","TACATTCTCTATACGG-1"
"2620","TACCCACAGAATTCAG-1"
"2621","TACCCACCACCCTAGG-1"
"2622","TACCCACCAGCTTTGA-1"
"2623","TACCCACGTGGACTAG-1"
"2624","TACCCGTGTTAGGCTT-1"
"2625","TACCCGTTCCTGATAG-1"
"2626","TACCCGTTCGAGATGG-1"
"2627","TACCCGTTCGTTGTTT-1"
"2628","TACCCGTTCTAAGCCA-1"
"2629","TACCGAAAGGAACTAT-1"
"2630","TACCGAAAGGAGATAG-1"
"2631","TACCGAACACGCGTGT-1"
"2632","TACCGAAGTACGGCAA-1"
"2633","TACCGAAGTCGAATGG-1"
"2634","TACCGAATCGACATTG-1"
"2635","TACCGAATCGTGGTAT-1"
"2636","TACCGGGAGATCCTAC-1"
"2637","TACCGGGAGCAGCGAT-1"
"2638","TACCGGGGTAATCAGA-1"
"2639","TACCGGGTCTATCACT-1"
"2640","TACCTCGGTAATACCC-1"
"2641","TACCTCGGTGGATCGA-1"
"2642","TACCTCGGTTTGATCG-1"
"2643","TACCTCGTCGCCTAGG-1"
"2644","TACCTGCAGAAATCCA-1"
"2645","TACCTGCAGTCATGGG-1"
"2646","TACCTGCCAGGTGTTT-1"
"2647","TACCTGCGTCCACATA-1"
"2648","TACCTGCTCCATAAGC-1"
"2649","TACCTGCTCTAGATCG-1"
"2650","TACGCTCAGGGATCTG-1"
"2651","TACGCTCCAAAGGTTA-1"
"2652","TACGCTCTCCGTGTAA-1"
"2653","TACGCTCTCTTTGCGC-1"
"2654","TACGGGCCAAAGCACG-1"
"2655","TACGGGCCACCTGCTT-1"
"2656","TACGGGCTCAGCCCAG-1"
"2657","TACGGGCTCCATTGTT-1"
"2658","TACGGGCTCCTGGGTG-1"
"2659","TACGGGCTCCTTATAC-1"
"2660","TACGGGCTCTCCAATT-1"
"2661","TACGGTACAGTAACCT-1"
"2662","TACGGTAGTGGCTACC-1"
"2663","TACGGTAGTTGGTACT-1"
"2664","TACGGTAGTTTCGTAG-1"
"2665","TACGGTATCCTACGAA-1"
"2666","TACGTCCAGAGGGTAA-1"
"2667","TACGTCCCACTCTAGA-1"
"2668","TACGTCCTCCTTGACC-1"
"2669","TACTGCCAGAGACAAG-1"
"2670","TACTGCCCACACTGGC-1"
"2671","TACTGCCCATCCGCGA-1"
"2672","TACTTACAGGTAACTA-1"
"2673","TACTTACCACACCTGG-1"
"2674","TACTTACTCGACCATA-1"
"2675","TACTTCAAGGGCAGAG-1"
"2676","TACTTCAAGTGCCCGT-1"
"2677","TACTTCAGTGTATTGC-1"
"2678","TACTTCATCATCTATC-1"
"2679","TACTTCATCTTCCCGA-1"
"2680","TACTTGTTCGATACGT-1"
"2681","TAGACCAAGAGCACTG-1"
"2682","TAGACCAAGGAGACCT-1"
"2683","TAGACCACATAGATGA-1"
"2684","TAGACCAGTCATTCCC-1"
"2685","TAGACTGCACCCTAAA-1"
"2686","TAGACTGCAGGTGTGA-1"
"2687","TAGACTGGTTAAGGAT-1"
"2688","TAGAGTCAGATTGTGA-1"
"2689","TAGAGTCAGCTACAAA-1"
"2690","TAGAGTCAGGATTCAA-1"
"2691","TAGAGTCCAGAGGCTA-1"
"2692","TAGAGTCCATGGTGGA-1"
"2693","TAGAGTCGTGGTAACG-1"
"2694","TAGAGTCGTTCTTGTT-1"
"2695","TAGAGTCGTTTCGACA-1"
"2696","TAGAGTCTCACATCAG-1"
"2697","TAGAGTCTCATTATCC-1"
"2698","TAGAGTCTCATTGAGC-1"
"2699","TAGATCGTCATTTGCT-1"
"2700","TAGATCGTCGTCGATA-1"
"2701","TAGCACAAGTTTCGAC-1"
"2702","TAGCACAAGTTTCTTC-1"
"2703","TAGCACACAACCACGC-1"
"2704","TAGCACAGTTCCTTGC-1"
"2705","TAGGAGGAGGCACTCC-1"
"2706","TAGGAGGAGTGTTGAA-1"
"2707","TAGGAGGTCGTTCCTG-1"
"2708","TAGGGTTCACAGCTGC-1"
"2709","TAGGGTTGTTGAGAGC-1"
"2710","TAGGGTTTCATTACTC-1"
"2711","TAGGTACGTAAGTTAG-1"
"2712","TAGGTACTCCGGCTTT-1"
"2713","TAGGTACTCTGTCCGT-1"
"2714","TAGGTTGCACATTCTT-1"
"2715","TAGGTTGCAGTAACGG-1"
"2716","TAGTGCAAGGTGGCTA-1"
"2717","TAGTGCAGTAGACTGG-1"
"2718","TAGTGCAGTTAGAGTA-1"
"2719","TAGTGCAGTTGTCTAG-1"
"2720","TATACCTAGATTGTGA-1"
"2721","TATACCTCACACGCCA-1"
"2722","TATACCTCACTGCGTG-1"
"2723","TATACCTCACTTTATC-1"
"2724","TATACCTCAGTCGTTA-1"
"2725","TATACCTGTACAAACA-1"
"2726","TATACCTGTTCTCGTC-1"
"2727","TATACCTTCAGCCCAG-1"
"2728","TATATCCAGTGTTCAC-1"
"2729","TATATCCGTTGTAGCT-1"
"2730","TATATCCTCCATTGGA-1"
"2731","TATCAGGCACTAAACC-1"
"2732","TATCAGGGTCTAATCG-1"
"2733","TATCAGGGTGAATGAT-1"
"2734","TATCAGGGTGCAACAG-1"
"2735","TATCAGGTCGATTGGT-1"
"2736","TATCCTACACTGAGTT-1"
"2737","TATCCTACATAATCCG-1"
"2738","TATCCTACATGAGATA-1"
"2739","TATCCTATCCTTCTAA-1"
"2740","TATCCTATCTTTGATC-1"
"2741","TATCGCCAGCCTTCTC-1"
"2742","TATCGCCAGCTTTCCC-1"
"2743","TATCGCCTCCATACTT-1"
"2744","TATCTGTAGCAATTCC-1"
"2745","TATCTGTCACGTAGTT-1"
"2746","TATCTGTCACTAGAGG-1"
"2747","TATCTGTGTCGATTAC-1"
"2748","TATCTGTGTGAGTTGG-1"
"2749","TATCTGTGTTTCGGCG-1"
"2750","TATCTTGAGGAAAGAC-1"
"2751","TATCTTGAGTTGGGAC-1"
"2752","TATCTTGCAAATGCGG-1"
"2753","TATCTTGCAATTGGTC-1"
"2754","TATCTTGCACAAACGG-1"
"2755","TATCTTGCACTGCGTG-1"
"2756","TATCTTGGTATCAAGA-1"
"2757","TATCTTGTCCACGGGT-1"
"2758","TATCTTGTCGTCAGAT-1"
"2759","TATCTTGTCGTGTCAA-1"
"2760","TATGTTCAGACAGCGT-1"
"2761","TATGTTCAGGTAAGGA-1"
"2762","TATGTTCAGGTTGACG-1"
"2763","TATGTTCAGTACTGGG-1"
"2764","TATGTTCCACCCGTAG-1"
"2765","TATGTTCCAGATTAAG-1"
"2766","TATGTTCGTGCGGTAA-1"
"2767","TATTCCACAAGTGGCA-1"
"2768","TATTCCAGTGCGTCGT-1"
"2769","TATTCCATCACCTTAT-1"
"2770","TATTGCTAGCCACAAG-1"
"2771","TATTGCTAGTGAGTGC-1"
"2772","TATTGCTGTGAGAGGG-1"
"2773","TATTGCTGTGTTCCAA-1"
"2774","TATTGGGAGAATTGCA-1"
"2775","TATTGGGAGCCGGATA-1"
"2776","TATTGGGAGCTTAGTC-1"
"2777","TATTGGGCAACCGCCA-1"
"2778","TATTGGGGTACCGTCG-1"
"2779","TATTGGGTCCGCTTAC-1"
"2780","TATTTCGGTTTACCAG-1"
"2781","TATTTCGTCACGGGAA-1"
"2782","TCAAGACAGCCGATTT-1"
"2783","TCAAGACAGCGTGCTC-1"
"2784","TCAAGACAGGCTGGAT-1"
"2785","TCAAGACGTTGGGACA-1"
"2786","TCAAGACGTTTCGCTC-1"
"2787","TCAAGCATCACTCTTA-1"
"2788","TCAAGCATCGGAATGG-1"
"2789","TCAAGTGAGCCTCAGC-1"
"2790","TCAATCTAGCCAGACA-1"
"2791","TCAATCTAGGGAGGGT-1"
"2792","TCAATCTTCTAAGGAA-1"
"2793","TCAATCTTCTTCGGAA-1"
"2794","TCAATTCAGTCCTGCG-1"
"2795","TCAATTCGTAGCGCCT-1"
"2796","TCACAAGAGCGATGAC-1"
"2797","TCACAAGGTTATCTGG-1"
"2798","TCACAAGGTTGTGGCC-1"
"2799","TCACACCAGCAGTACG-1"
"2800","TCACACCAGTTGCTCA-1"
"2801","TCACACCCAATCGCGC-1"
"2802","TCACACCGTAGGGTAC-1"
"2803","TCACACCGTAGTACGG-1"
"2804","TCACACCGTTGAGTCT-1"
"2805","TCACATTGTACCCACG-1"
"2806","TCACATTGTCGTCTCT-1"
"2807","TCACATTGTGACCGTC-1"
"2808","TCACATTGTTCGGCTG-1"
"2809","TCACATTTCCGATAAC-1"
"2810","TCACGCTAGAGAGTTT-1"
"2811","TCACGCTAGATGCTGG-1"
"2812","TCACGCTAGTGGTTGG-1"
"2813","TCACGCTGTTCCAAAC-1"
"2814","TCACGCTTCATCTCTA-1"
"2815","TCACGGGAGTGTGTTC-1"
"2816","TCACGGGCAACCCGCA-1"
"2817","TCACGGGCACGTAGAG-1"
"2818","TCACGGGGTCTACGTA-1"
"2819","TCACTATAGAAACCCG-1"
"2820","TCACTATAGGTTCACT-1"
"2821","TCACTATCACATAACC-1"
"2822","TCACTATGTAGTCTGT-1"
"2823","TCACTATTCGACGTCG-1"
"2824","TCACTCGAGATTGGGC-1"
"2825","TCACTCGAGCCACAAG-1"
"2826","TCACTCGCAAATAGCA-1"
"2827","TCACTCGCAATAGGGC-1"
"2828","TCACTCGCATATTCGG-1"
"2829","TCACTCGGTCTAACGT-1"
"2830","TCACTCGTCACTGTTT-1"
"2831","TCACTCGTCTTTCCGG-1"
"2832","TCAGCAAAGACGGTTG-1"
"2833","TCAGCAAAGGTAAGAG-1"
"2834","TCAGCAACAAGGCTTT-1"
"2835","TCAGCAAGTATGTCTG-1"
"2836","TCAGCAAGTGTGCCTG-1"
"2837","TCAGCAATCCGATTAG-1"
"2838","TCAGCCTGTACGATTC-1"
"2839","TCAGCCTTCAGCAATC-1"
"2840","TCAGGGCAGGGAGATA-1"
"2841","TCAGGGCAGGGTACGT-1"
"2842","TCAGGGCCATCAGCTA-1"
"2843","TCAGGGCGTACCGGAA-1"
"2844","TCAGGGCTCACTGGTA-1"
"2845","TCAGGGCTCGCGATCG-1"
"2846","TCAGGTAAGTCACGAG-1"
"2847","TCAGGTATCACAAGGG-1"
"2848","TCAGTCCAGCTGAGCA-1"
"2849","TCAGTCCAGGTGCTGA-1"
"2850","TCAGTCCAGTCATACC-1"
"2851","TCAGTCCGTCGAAGCA-1"
"2852","TCAGTGATCGACCAAT-1"
"2853","TCAGTTTAGGAACGCT-1"
"2854","TCAGTTTGTCTGTAAC-1"
"2855","TCAGTTTGTTCGTAAC-1"
"2856","TCAGTTTTCAGCTGTA-1"
"2857","TCAGTTTTCGTAGTCA-1"
"2858","TCAGTTTTCTCAGGCG-1"
"2859","TCAGTTTTCTCTAAGG-1"
"2860","TCATACTAGAGGATGA-1"
"2861","TCATACTAGGACTATA-1"
"2862","TCATACTGTTATCTGG-1"
"2863","TCATACTTCTGCCTGT-1"
"2864","TCATATCCAGCGTGAA-1"
"2865","TCATATCTCACTAGCA-1"
"2866","TCATCATCAAAGTATG-1"
"2867","TCATCATGTGCTATTG-1"
"2868","TCATCATGTTGGTAGG-1"
"2869","TCATCATTCTTCCACG-1"
"2870","TCATCCGAGTTTCAGC-1"
"2871","TCATGAGAGCTAATGA-1"
"2872","TCATGAGAGGGCCAAT-1"
"2873","TCATGAGCACGTTCGG-1"
"2874","TCATGAGGTTCAGGTT-1"
"2875","TCATGCCAGATTGATG-1"
"2876","TCATGCCCAGCCCAGT-1"
"2877","TCATGGAAGGAGAGTA-1"
"2878","TCATGGACACTACCCT-1"
"2879","TCATGGAGTTCGGCGT-1"
"2880","TCATGGATCCTCATAT-1"
"2881","TCATGTTAGACTTCCA-1"
"2882","TCATGTTAGCAAACAT-1"
"2883","TCATGTTAGCGTTACT-1"
"2884","TCATGTTAGCTCGGCT-1"
"2885","TCATGTTAGTGCACCC-1"
"2886","TCATGTTCACATACGT-1"
"2887","TCATGTTCAGGAGACT-1"
"2888","TCATTACAGACGACTG-1"
"2889","TCATTACAGACGGTTG-1"
"2890","TCATTACCAAATACGA-1"
"2891","TCATTACCACCATATG-1"
"2892","TCATTACCATGCCGGT-1"
"2893","TCATTACTCCTAACAG-1"
"2894","TCATTCAAGATAGGGA-1"
"2895","TCATTCAAGCATGATA-1"
"2896","TCATTCACACAAAGTA-1"
"2897","TCATTGTAGATGTAGT-1"
"2898","TCATTGTAGGTAATCA-1"
"2899","TCATTGTCATTAGGAA-1"
"2900","TCATTGTTCCTCATAT-1"
"2901","TCATTGTTCCTGTAAG-1"
"2902","TCATTTGCACTTGAAC-1"
"2903","TCATTTGTCACCGGGT-1"
"2904","TCATTTGTCCGATGTA-1"
"2905","TCATTTGTCGCGCCAA-1"
"2906","TCCACCACATATCGGT-1"
"2907","TCCACCATCGACACCG-1"
"2908","TCCACGTAGCAAGCCA-1"
"2909","TCCACGTAGGACCCAA-1"
"2910","TCCACGTAGGGACTGT-1"
"2911","TCCACGTAGTGAGGTC-1"
"2912","TCCACGTCATCGGAAG-1"
"2913","TCCACGTTCCTTGGAA-1"
"2914","TCCAGAAAGGGACACT-1"
"2915","TCCAGAACAGTCCGTG-1"
"2916","TCCAGAACATCGGTTA-1"
"2917","TCCAGAATCTCGGGAC-1"
"2918","TCCATCGTCACAAGAA-1"
"2919","TCCATCGTCCTACGGG-1"
"2920","TCCATCGTCGCGTTTC-1"
"2921","TCCATGCAGATTAGTG-1"
"2922","TCCATGCCAAATCAAG-1"
"2923","TCCCACAAGTAGGTTA-1"
"2924","TCCCACAGTCCACGCA-1"
"2925","TCCCACATCTAACGCA-1"
"2926","TCCCAGTCAAGTGGTG-1"
"2927","TCCCAGTGTATCAGGG-1"
"2928","TCCCAGTTCTCTGGTC-1"
"2929","TCCCATGAGCGGACAT-1"
"2930","TCCCATGAGGAAGAAC-1"
"2931","TCCCATGCACTGTCGG-1"
"2932","TCCCATGCATATGCGT-1"
"2933","TCCCATGGTCAGGAGT-1"
"2934","TCCCATGGTCTGTGAT-1"
"2935","TCCCATGTCACGATAC-1"
"2936","TCCCATGTCCTCACTG-1"
"2937","TCCGAAACAAGTATCC-1"
"2938","TCCGAAACACTTGAAC-1"
"2939","TCCGAAAGTGAACTAA-1"
"2940","TCCGAAATCCCAAGTA-1"
"2941","TCCGATCAGCTAGCCC-1"
"2942","TCCGATCGTATGCGGA-1"
"2943","TCCGATCGTTAAGACA-1"
"2944","TCCGATCTCCACATAG-1"
"2945","TCCGGGAGTTCCGCAG-1"
"2946","TCCGGGATCACCGCTT-1"
"2947","TCCGGGATCGCTTTAT-1"
"2948","TCCGTGTGTAATACCC-1"
"2949","TCCGTGTGTGAGATTA-1"
"2950","TCCGTGTGTGCCTTCT-1"
"2951","TCCGTGTTCAAGAAAC-1"
"2952","TCCTAATCACCTAAAC-1"
"2953","TCCTCCCAGTCTTCGA-1"
"2954","TCCTCCCCAAAGCAAT-1"
"2955","TCCTCCCTCCGATCGG-1"
"2956","TCCTCGAAGGACAGCT-1"
"2957","TCCTCGAGTTGTAGCT-1"
"2958","TCCTCGATCTCAATCT-1"
"2959","TCCTCTTAGACATGCG-1"
"2960","TCCTCTTAGAGTTCGG-1"
"2961","TCCTCTTCAAGCGAAC-1"
"2962","TCCTCTTTCCGATTAG-1"
"2963","TCCTCTTTCGGTCGGT-1"
"2964","TCCTGCAAGAGAGTTT-1"
"2965","TCCTGCAAGCCTCGTG-1"
"2966","TCCTGCAAGCTCCATA-1"
"2967","TCCTGCAAGGCCGCTT-1"
"2968","TCCTGCACATAATGAG-1"
"2969","TCCTGCAGTACAACGG-1"
"2970","TCCTGCATCAAGCCAT-1"
"2971","TCCTGCATCCACGAAT-1"
"2972","TCCTTCTAGAAGGCTC-1"
"2973","TCCTTCTGTTTACGAC-1"
"2974","TCCTTCTTCATTATCC-1"
"2975","TCCTTTCCACGCTTAA-1"
"2976","TCCTTTCGTACAGTTC-1"
"2977","TCCTTTCGTGCAGATG-1"
"2978","TCGAACAAGTCGAAAT-1"
"2979","TCGAACACATGGATCT-1"
"2980","TCGAACAGTACTCGAT-1"
"2981","TCGAACAGTATACAGA-1"
"2982","TCGAACAGTTGTCCCT-1"
"2983","TCGAACATCCATCTCG-1"
"2984","TCGAAGTAGATGAACT-1"
"2985","TCGAAGTTCGGTCACG-1"
"2986","TCGAAGTTCTTCTAAC-1"
"2987","TCGACCTAGACAGTCG-1"
"2988","TCGACCTCAGACAAGC-1"
"2989","TCGACCTGTCAGGAGT-1"
"2990","TCGACCTTCATCGCTC-1"
"2991","TCGACCTTCGCTGACG-1"
"2992","TCGACGGAGCTGGAGT-1"
"2993","TCGACGGCAAATGGAT-1"
"2994","TCGACGGGTACGCTTA-1"
"2995","TCGACGGGTTAAGGGC-1"
"2996","TCGACGGTCCATATGG-1"
"2997","TCGACGGTCGAACACT-1"
"2998","TCGATTTAGAAGCGGG-1"
"2999","TCGATTTAGGTTTGAA-1"
"3000","TCGATTTCACAGCTTA-1"
"3001","TCGATTTGTAACACGG-1"
"3002","TCGCACTCAAGTGTCT-1"
"3003","TCGCACTTCCCATAGA-1"
"3004","TCGCACTTCGAACCTA-1"
"3005","TCGCAGGAGACTGTTC-1"
"3006","TCGCAGGAGAGAGTTT-1"
"3007","TCGCAGGTCCGATAGT-1"
"3008","TCGCAGGTCCGATTAG-1"
"3009","TCGCTCACACAGAGAC-1"
"3010","TCGCTCACATTGAAAG-1"
"3011","TCGCTTGAGCCTGACC-1"
"3012","TCGCTTGGTGTGTGTT-1"
"3013","TCGCTTGGTTTGGCTA-1"
"3014","TCGGATACAAGGCGTA-1"
"3015","TCGGATAGTAGCTTGT-1"
"3016","TCGGATAGTCGCTGCA-1"
"3017","TCGGATAGTGGGTTGA-1"
"3018","TCGGGACAGCTCCGAC-1"
"3019","TCGGGACAGGGAGTTC-1"
"3020","TCGGGACCAGGAATAT-1"
"3021","TCGGGCACAGAACTTC-1"
"3022","TCGGGCAGTTAACCTG-1"
"3023","TCGGGCAGTTGCTCAA-1"
"3024","TCGGGCATCCGCGATG-1"
"3025","TCGGGTGCAGGCATGA-1"
"3026","TCGGGTGTCCTTATGT-1"
"3027","TCGGGTGTCGCCGTGA-1"
"3028","TCGGTCTCAGAGATTA-1"
"3029","TCGGTCTTCATTGCTT-1"
"3030","TCGGTCTTCCTTATAC-1"
"3031","TCGTAGAAGTCGGCCT-1"
"3032","TCGTAGAGTATGGGAC-1"
"3033","TCGTAGAGTTTACCAG-1"
"3034","TCGTAGATCCTACAAG-1"
"3035","TCGTCCAAGCCAAGGT-1"
"3036","TCGTCCATCTTCGGAA-1"
"3037","TCGTGCTCAACACTAC-1"
"3038","TCGTGCTCAACCGGAA-1"
"3039","TCGTGCTCAGGCACAA-1"
"3040","TCGTGCTGTTATGTCG-1"
"3041","TCGTGCTGTTTGTTGG-1"
"3042","TCGTGGGCAAAGGCAC-1"
"3043","TCTAACTGTGCTTCAA-1"
"3044","TCTAACTTCAGTCTTT-1"
"3045","TCTAACTTCGAGGCAA-1"
"3046","TCTAACTTCGCATTAG-1"
"3047","TCTAACTTCTCCTGTG-1"
"3048","TCTACATCAGCAGATG-1"
"3049","TCTACATGTTCGAGCC-1"
"3050","TCTACCGAGGAACGTC-1"
"3051","TCTACCGAGGACAGCT-1"
"3052","TCTACCGGTACAAAGT-1"
"3053","TCTACCGTCCACTGGG-1"
"3054","TCTACCGTCCTAGCGG-1"
"3055","TCTATACTCAACCTTT-1"
"3056","TCTATACTCGTGCATA-1"
"3057","TCTATCAAGCGTCGAA-1"
"3058","TCTCACGAGAGTAACT-1"
"3059","TCTCACGAGTTGAATG-1"
"3060","TCTCACGCAAGTAGTA-1"
"3061","TCTCACGCACAAGCCC-1"
"3062","TCTCACGCAGCGTTTA-1"
"3063","TCTCACGCATGACTTG-1"
"3064","TCTCACGGTACAGCGA-1"
"3065","TCTCACGGTACGGGAT-1"
"3066","TCTCACGTCTGTCCGT-1"
"3067","TCTCAGCAGCGTCTCG-1"
"3068","TCTCAGCCATTCATCT-1"
"3069","TCTCAGCGTTGTGTAC-1"
"3070","TCTCAGCTCAGTGCGC-1"
"3071","TCTCCGACAGCCCACA-1"
"3072","TCTCCGAGTCGCGTTG-1"
"3073","TCTCCGATCATCACTT-1"
"3074","TCTCTGGAGATGAACT-1"
"3075","TCTCTGGAGCATGCAG-1"
"3076","TCTCTGGAGTTCTACG-1"
"3077","TCTCTGGTCACCGGGT-1"
"3078","TCTCTGGTCCCGAACG-1"
"3079","TCTCTGGTCGACATTG-1"
"3080","TCTGCCAAGAGGTATT-1"
"3081","TCTGCCAAGCCTAACT-1"
"3082","TCTGCCAGTTAAACAG-1"
"3083","TCTGCCAGTTATCTGG-1"
"3084","TCTGGCTAGACGTCGA-1"
"3085","TCTGGCTAGTCCCGGT-1"
"3086","TCTGGCTAGTTACGGG-1"
"3087","TCTGGCTCAAATTAGG-1"
"3088","TCTGTCGGTGATCGTT-1"
"3089","TCTGTCGTCTTCTCAA-1"
"3090","TCTTAGTAGCCAGAGT-1"
"3091","TCTTAGTAGCGCAATG-1"
"3092","TCTTAGTAGGGAGAAT-1"
"3093","TCTTAGTGTACGGATG-1"
"3094","TCTTAGTGTCACTCAA-1"
"3095","TCTTAGTGTTCTCGTC-1"
"3096","TCTTAGTTCAATGTCG-1"
"3097","TCTTCCTAGCTAAGTA-1"
"3098","TCTTCCTAGTCACAGG-1"
"3099","TCTTCCTCAATGTCTG-1"
"3100","TCTTCCTGTAGGCAAC-1"
"3101","TCTTCCTGTCCGAAAG-1"
"3102","TCTTCCTTCGGTTGTA-1"
"3103","TCTTGCGCAGGTGAGT-1"
"3104","TCTTGCGGTCAGACTT-1"
"3105","TCTTGCGTCCCGGTAG-1"
"3106","TCTTGCGTCTCTCCGA-1"
"3107","TCTTTGACATCTTCGC-1"
"3108","TCTTTGAGTACTGCCG-1"
"3109","TCTTTGATCACCGACG-1"
"3110","TGAACGTAGCTCATAC-1"
"3111","TGAACGTAGGGCAACT-1"
"3112","TGAACGTAGGTAGATT-1"
"3113","TGAACGTAGTCGCGAA-1"
"3114","TGAACGTCAAGAGTTA-1"
"3115","TGAACGTCAAGGGTCA-1"
"3116","TGAACGTGTGACGCCT-1"
"3117","TGAATCGCAACTGCCG-1"
"3118","TGAATCGCATTGACAC-1"
"3119","TGAATCGGTCAGATTC-1"
"3120","TGAATCGTCAGGTGTT-1"
"3121","TGAATCGTCTTAATCC-1"
"3122","TGAATGCTCGTCACCT-1"
"3123","TGACAGTCACATTACG-1"
"3124","TGACAGTCAGCATGCC-1"
"3125","TGACAGTGTTAGGAGC-1"
"3126","TGACAGTTCGGTGAAG-1"
"3127","TGACAGTTCTACCTTA-1"
"3128","TGACCCTGTTAGGGTG-1"
"3129","TGACCCTGTTGGTACT-1"
"3130","TGACGCGCAGCAGACA-1"
"3131","TGACTCCGTCGAGCAA-1"
"3132","TGACTCCTCCAATGCA-1"
"3133","TGAGACTAGCGTTAGG-1"
"3134","TGAGACTAGGAAGTAG-1"
"3135","TGAGACTCAGGGAGAG-1"
"3136","TGAGCATAGAAATTCG-1"
"3137","TGAGCATAGGATTTAG-1"
"3138","TGAGCATGTTGGACCC-1"
"3139","TGAGCATTCAAGTAAG-1"
"3140","TGAGCATTCCTCCACA-1"
"3141","TGAGCATTCCTGGTCT-1"
"3142","TGAGCATTCGTGTTCC-1"
"3143","TGAGCGCAGATTAGTG-1"
"3144","TGAGCGCAGGCGAAGG-1"
"3145","TGAGCGCCAAAGGTTA-1"
"3146","TGAGCGCCACAACATC-1"
"3147","TGAGCGCCATACACCA-1"
"3148","TGAGCGCGTTCACGAT-1"
"3149","TGAGCGCTCGGCTGAC-1"
"3150","TGAGGAGCACTCAAGT-1"
"3151","TGAGGAGCAGCTCTGG-1"
"3152","TGAGGGACAACGTAAA-1"
"3153","TGAGGGAGTCGTATTG-1"
"3154","TGAGGTTAGCGTTCCG-1"
"3155","TGAGTCAAGGATACGC-1"
"3156","TGAGTCACAACTCCCT-1"
"3157","TGAGTCAGTTCTGAGT-1"
"3158","TGAGTCATCCATAGAC-1"
"3159","TGATCAGAGGCGATAC-1"
"3160","TGATCAGAGTGGTTAA-1"
"3161","TGATCAGTCCCGTGAG-1"
"3162","TGATCAGTCGGTAGGA-1"
"3163","TGATCTTGTAGTCACT-1"
"3164","TGATCTTGTATGCTTG-1"
"3165","TGATCTTGTATGTCAC-1"
"3166","TGATCTTTCATGGAGG-1"
"3167","TGATGCAAGCCATATC-1"
"3168","TGATGCACACGCTTAA-1"
"3169","TGATGGTAGAAGGTAG-1"
"3170","TGATGGTAGACCATTC-1"
"3171","TGATGGTAGCCATTGT-1"
"3172","TGATTCTCACATTCTT-1"
"3173","TGATTTCCAATCGCGC-1"
"3174","TGATTTCGTTGCAACT-1"
"3175","TGATTTCTCCTTACCG-1"
"3176","TGATTTCTCGAGTCTA-1"
"3177","TGATTTCTCGTTCCTG-1"
"3178","TGCACGGAGGATTCCT-1"
"3179","TGCACGGAGGGACCAT-1"
"3180","TGCACGGCATGTACGT-1"
"3181","TGCACGGGTACTGCGC-1"
"3182","TGCACGGGTCATCAGT-1"
"3183","TGCACGGGTTGTTTGG-1"
"3184","TGCACGGTCCCGAAAT-1"
"3185","TGCAGATAGCCTGAAG-1"
"3186","TGCAGATAGCGAGAAA-1"
"3187","TGCAGATTCAACCTTT-1"
"3188","TGCAGGCCAAGAATAC-1"
"3189","TGCAGGCCACTGCATA-1"
"3190","TGCAGGCGTCCAACGC-1"
"3191","TGCAGGCGTTTCCCAC-1"
"3192","TGCAGGCTCGCCAGAC-1"
"3193","TGCAGTAAGCCTAACT-1"
"3194","TGCAGTACAATTTCCT-1"
"3195","TGCAGTACAGTTACCA-1"
"3196","TGCAGTATCCAATGCA-1"
"3197","TGCATCCCAAACGGCA-1"
"3198","TGCATGAAGGGTCACA-1"
"3199","TGCCGAGTCCTTCTAA-1"
"3200","TGCGACGCACGCTGCA-1"
"3201","TGCGACGCATTGCTTT-1"
"3202","TGCGATAAGCAGGTCA-1"
"3203","TGCGATAAGTTTGGCT-1"
"3204","TGCGATACAATGGCCC-1"
"3205","TGCGATACAGACCCGT-1"
"3206","TGCGATATCGAATCCA-1"
"3207","TGCGGCAAGCCATCCG-1"
"3208","TGCGGCACACTCCTTG-1"
"3209","TGCGGGTAGACCGTTT-1"
"3210","TGCGGGTAGACGACTG-1"
"3211","TGCGGGTAGAGCTTTC-1"
"3212","TGCGGGTAGGGTTAAT-1"
"3213","TGCGGGTGTACCTAAC-1"
"3214","TGCGGGTGTAGAAACT-1"
"3215","TGCGGGTGTCGGCTAC-1"
"3216","TGCGGGTTCCCTCTCC-1"
"3217","TGCGGGTTCCTGGTCT-1"
"3218","TGCTCCACAGAGGGTT-1"
"3219","TGCTCCAGTTCCACAA-1"
"3220","TGCTCCATCCCATTTA-1"
"3221","TGCTCGTCATGACCCG-1"
"3222","TGCTCGTGTCACAGTT-1"
"3223","TGCTCGTTCCATTCAT-1"
"3224","TGCTGAAAGCCTGCCA-1"
"3225","TGCTGAAAGGGTTAGC-1"
"3226","TGCTGAACACCCTTAC-1"
"3227","TGCTGAACACTACAGT-1"
"3228","TGCTGAAGTCCTACAA-1"
"3229","TGCTGAAGTGGTCAAG-1"
"3230","TGCTGAATCACAACCA-1"
"3231","TGCTGAATCGTCAAAC-1"
"3232","TGCTTCGAGTATCCTG-1"
"3233","TGCTTCGCAATCGCAT-1"
"3234","TGCTTCGTCCTTATCA-1"
"3235","TGCTTGCAGTCGCTAT-1"
"3236","TGCTTGCCACGAGAAC-1"
"3237","TGCTTGCGTTCGGGTC-1"
"3238","TGCTTGCGTTTCCCAC-1"
"3239","TGGAACTCAAGGTCGA-1"
"3240","TGGAACTCAATATCCG-1"
"3241","TGGAACTGTCCTTAAG-1"
"3242","TGGAACTTCCATGCAA-1"
"3243","TGGAGAGCAGGCTCTG-1"
"3244","TGGAGAGTCAAGTGTC-1"
"3245","TGGAGGAGTCGTTTCC-1"
"3246","TGGAGGAGTCTGTAAC-1"
"3247","TGGAGGAGTTATAGAG-1"
"3248","TGGATCAAGAGTCGAC-1"
"3249","TGGATGTAGGGATCTG-1"
"3250","TGGCGTGAGACTTGTC-1"
"3251","TGGCGTGAGCCTAGGA-1"
"3252","TGGCGTGGTTATAGCC-1"
"3253","TGGGAAGTCGTGTGAT-1"
"3254","TGGGAGACAGAGGCAT-1"
"3255","TGGGAGACATTGAGCT-1"
"3256","TGGGAGAGTGCTGTCG-1"
"3257","TGGGAGATCTCCTGAC-1"
"3258","TGGGAGATCTCGTTTA-1"
"3259","TGGGAGATCTCTCGCA-1"
"3260","TGGGATTCACGGTGAA-1"
"3261","TGGGATTGTCTTCTAT-1"
"3262","TGGGATTGTGTTCATG-1"
"3263","TGGGATTGTTCCGCGA-1"
"3264","TGGGATTTCACGTAGT-1"
"3265","TGGGCGTTCTTCACAT-1"
"3266","TGGGCGTTCTTGGCTC-1"
"3267","TGGGCTGCAATAGTCC-1"
"3268","TGGGCTGGTGGACTGA-1"
"3269","TGGGCTGTCGATTCCC-1"
"3270","TGGGCTGTCTATCGTT-1"
"3271","TGGGCTGTCTCGGTCT-1"
"3272","TGGGTTACAAGGACAC-1"
"3273","TGGGTTACAGACAAAT-1"
"3274","TGGGTTACATATGCGT-1"
"3275","TGGTACAAGTGCACCC-1"
"3276","TGGTACACAGAGGGTT-1"
"3277","TGGTACACAGGTGAGT-1"
"3278","TGGTACACAGTGTGGA-1"
"3279","TGGTACAGTACTGGGA-1"
"3280","TGGTACAGTCATGACT-1"
"3281","TGGTACAGTCTAATCG-1"
"3282","TGGTACATCAGGAACG-1"
"3283","TGGTACATCATTGCTT-1"
"3284","TGGTAGTAGTGACACG-1"
"3285","TGGTAGTCAAAGGATT-1"
"3286","TGGTAGTCAACGAGGT-1"
"3287","TGGTAGTCAATAACGA-1"
"3288","TGGTAGTCATACACCA-1"
"3289","TGGTAGTGTCACCGAC-1"
"3290","TGGTGATAGTAGCATA-1"
"3291","TGGTGATCACTAGTAC-1"
"3292","TGGTGATCATACATCG-1"
"3293","TGGTGATGTGTGTGGA-1"
"3294","TGGTGATTCAATCTCT-1"
"3295","TGGTGATTCATCGCCT-1"
"3296","TGGTTAGGTAGCTTAC-1"
"3297","TGTAACGGTCGCTTAA-1"
"3298","TGTAAGCAGCCGTCGT-1"
"3299","TGTAAGCAGGATACCG-1"
"3300","TGTAAGCCAAAGGGTC-1"
"3301","TGTAAGCTCGAGTGGA-1"
"3302","TGTAAGCTCTATACGG-1"
"3303","TGTACAGTCCAGTTCC-1"
"3304","TGTACAGTCGTAGGAG-1"
"3305","TGTACAGTCTCCGCAT-1"
"3306","TGTAGACAGAAAGTCT-1"
"3307","TGTAGACCAAGCTACT-1"
"3308","TGTAGACCAGAATTCC-1"
"3309","TGTAGACCATGCGGTC-1"
"3310","TGTAGACTCCCTGGTT-1"
"3311","TGTCAGAAGTTGGCGA-1"
"3312","TGTCAGACAACTCCCT-1"
"3313","TGTCAGACAATCTCGA-1"
"3314","TGTCAGACATGAAGCG-1"
"3315","TGTCAGATCTACTCAT-1"
"3316","TGTCCACAGTGAGGCT-1"
"3317","TGTCCACGTAGGCAGT-1"
"3318","TGTCCACGTCTACGTA-1"
"3319","TGTCCACGTGACTATC-1"
"3320","TGTCCACGTTTGTTGG-1"
"3321","TGTCCCAAGTAGAATC-1"
"3322","TGTCCCACAAATGGTA-1"
"3323","TGTCCCAGTGCAGTGA-1"
"3324","TGTCCCAGTTCGTAAC-1"
"3325","TGTCCTGCATCCTTCG-1"
"3326","TGTCCTGGTAGGTTTC-1"
"3327","TGTCCTGTCGGTGTAT-1"
"3328","TGTCCTGTCGTAACCA-1"
"3329","TGTCCTGTCTTCCCGA-1"
"3330","TGTGAGTAGTATGAGT-1"
"3331","TGTGAGTGTGCCCGTA-1"
"3332","TGTGAGTTCACCACAA-1"
"3333","TGTGAGTTCACCCTGT-1"
"3334","TGTGATGCATGAAAGT-1"
"3335","TGTGATGGTGGTCTCG-1"
"3336","TGTGATGTCATGAGGG-1"
"3337","TGTGATGTCCGGGACT-1"
"3338","TGTGCGGCAATCGCCG-1"
"3339","TGTGCGGGTCACCGAC-1"
"3340","TGTGCGGTCAGCGCAC-1"
"3341","TGTGGCGCAAAGTGTA-1"
"3342","TGTGGCGGTGAGTTGG-1"
"3343","TGTGGCGTCATGCCAA-1"
"3344","TGTGTGAAGCAGCGAT-1"
"3345","TGTGTGAAGGCGCTCT-1"
"3346","TGTTACTAGATGAAGG-1"
"3347","TGTTACTCACGTATAC-1"
"3348","TGTTACTCATGGGCAA-1"
"3349","TGTTACTGTCATGACT-1"
"3350","TGTTCATGTCATTCCC-1"
"3351","TGTTCATTCGGAGTGA-1"
"3352","TGTTCCGAGATGCCGA-1"
"3353","TGTTCCGCACAAATCC-1"
"3354","TGTTCCGCACGAGGAT-1"
"3355","TGTTGAGCAAGTTGGG-1"
"3356","TGTTGAGCACGGTGAA-1"
"3357","TGTTGAGTCACCGGTG-1"
"3358","TGTTGAGTCGCTGTCT-1"
"3359","TGTTGGAAGGTACAAT-1"
"3360","TGTTGGACAAATAAGC-1"
"3361","TGTTGGATCTGGGCAC-1"
"3362","TGTTTGTAGCTGCGAA-1"
"3363","TGTTTGTGTGAGGAAA-1"
"3364","TGTTTGTGTGAGTTTC-1"
"3365","TGTTTGTTCAGATTGC-1"
"3366","TTAATCCAGACGTCCC-1"
"3367","TTAATCCAGGGTACAC-1"
"3368","TTAATCCCATTCACAG-1"
"3369","TTAATCCGTACCCAGC-1"
"3370","TTAATCCGTAGTTAGA-1"
"3371","TTAATCCGTGACAACG-1"
"3372","TTACAGGGTACTCGTA-1"
"3373","TTACAGGGTGATAGAT-1"
"3374","TTACAGGTCGGCTGGT-1"
"3375","TTACCATAGACTCCGC-1"
"3376","TTACCATCACATTACG-1"
"3377","TTACCATTCTAATTCC-1"
"3378","TTACCGCTCCCGTGAG-1"
"3379","TTACGCCCAACTCATG-1"
"3380","TTACGCCCATAGATCC-1"
"3381","TTACGCCTCTCCTGCA-1"
"3382","TTACGTTTCCTAGCCT-1"
"3383","TTACGTTTCTAAGAAG-1"
"3384","TTACGTTTCTCTGCTG-1"
"3385","TTACTGTGTCTACTGA-1"
"3386","TTACTGTTCGCTATTT-1"
"3387","TTAGGCAAGAGTCTTC-1"
"3388","TTAGGCAAGGTTTGAA-1"
"3389","TTAGGCAAGTCTACCA-1"
"3390","TTAGGCAGTCCGCAGT-1"
"3391","TTAGGCAGTTTCTATC-1"
"3392","TTAGGCATCTTCTCAA-1"
"3393","TTAGGGTCAAGGCCTC-1"
"3394","TTAGGGTCACGATAGG-1"
"3395","TTAGGGTCATCCCGTT-1"
"3396","TTAGGGTTCGGCTGAC-1"
"3397","TTAGTCTCATAAGATG-1"
"3398","TTAGTCTGTAGAATAC-1"
"3399","TTAGTCTGTCATCGGC-1"
"3400","TTATTGCAGGAACGCT-1"
"3401","TTATTGCAGGGTCACA-1"
"3402","TTATTGCCAAGTGCTT-1"
"3403","TTATTGCGTAGTTCCA-1"
"3404","TTATTGCGTGCACATT-1"
"3405","TTATTGCTCGTTATCT-1"
"3406","TTCAATCCAAGCTGCC-1"
"3407","TTCAATCGTACAAGCG-1"
"3408","TTCAATCTCAAGCTGT-1"
"3409","TTCAATCTCTAGGCAT-1"
"3410","TTCACCGGTGACAACG-1"
"3411","TTCACCGTCGTTAGAC-1"
"3412","TTCACCGTCTTCGTAT-1"
"3413","TTCACGCAGCACCGAA-1"
"3414","TTCACGCCACACAGCC-1"
"3415","TTCACGCCATTAGGCT-1"
"3416","TTCACGCGTGTTATCG-1"
"3417","TTCACGCTCTACACTT-1"
"3418","TTCAGGACAACTGAAA-1"
"3419","TTCAGGAGTTCGATTG-1"
"3420","TTCAGGAGTTCTCCAC-1"
"3421","TTCATTGCACCTGCTT-1"
"3422","TTCATTGTCCGTATGA-1"
"3423","TTCCAATCACTATGTG-1"
"3424","TTCCAATCATTAGGCT-1"
"3425","TTCCAATGTGGTTTAC-1"
"3426","TTCCAATTCGCCAATA-1"
"3427","TTCCACGAGTGAGGTC-1"
"3428","TTCCACGGTATCAGGG-1"
"3429","TTCCGGTGTCCGGCAT-1"
"3430","TTCCGGTGTGCAGGAT-1"
"3431","TTCCGGTTCAAGTTGC-1"
"3432","TTCCGTGAGGGTAGCT-1"
"3433","TTCCGTGCATAAGCGG-1"
"3434","TTCCGTGGTTCGGGTC-1"
"3435","TTCCTAAAGAATAGTC-1"
"3436","TTCCTAAAGGTCGTCC-1"
"3437","TTCCTAACATCGTGCG-1"
"3438","TTCCTAATCTCGTCGT-1"
"3439","TTCCTCTAGGTCCAGA-1"
"3440","TTCCTCTGTCGTCTCT-1"
"3441","TTCCTCTTCAGCAATC-1"
"3442","TTCCTTCAGCGTGTTT-1"
"3443","TTCCTTCAGTCGCTAT-1"
"3444","TTCCTTCCAATCGTCA-1"
"3445","TTCCTTCTCGACCTAA-1"
"3446","TTCCTTCTCGCCTTGT-1"
"3447","TTCCTTCTCTTGGCTC-1"
"3448","TTCGATTGTAGTACGG-1"
"3449","TTCGATTGTATGGGAC-1"
"3450","TTCGATTTCGCCATAA-1"
"3451","TTCGCTGGTACCCACG-1"
"3452","TTCGGTCAGATGAATC-1"
"3453","TTCGGTCCAAGTACCT-1"
"3454","TTCGGTCCAGGTGACA-1"
"3455","TTCGGTCGTAGTCTTG-1"
"3456","TTCTAACAGCGCCCAT-1"
"3457","TTCTAACAGTCTTCCC-1"
"3458","TTCTAACCAGAGAGGG-1"
"3459","TTCTAACCATCAACCA-1"
"3460","TTCTAGTAGACATCAA-1"
"3461","TTCTAGTAGTGATGGC-1"
"3462","TTCTAGTCAGAGGCAT-1"
"3463","TTCTAGTCAGTAACGG-1"
"3464","TTCTAGTGTATTGCCA-1"
"3465","TTCTAGTGTTACGGAG-1"
"3466","TTCTCTCAGGAAAGTG-1"
"3467","TTCTCTCAGGCAATGC-1"
"3468","TTCTCTCCACAGCGCT-1"
"3469","TTCTCTCTCCAGTACA-1"
"3470","TTCTGTAAGGACAGTC-1"
"3471","TTCTGTAAGTAACCGG-1"
"3472","TTCTGTACAGGTTTAC-1"
"3473","TTCTGTAGTCAAGGCA-1"
"3474","TTCTGTAGTTGGACTT-1"
"3475","TTCTGTATCTTCGACC-1"
"3476","TTCTTCCAGAGTATAC-1"
"3477","TTCTTCCAGATGACAT-1"
"3478","TTCTTCCCACAGTGTT-1"
"3479","TTCTTCCGTCCTCAGG-1"
"3480","TTCTTCCGTGATATAG-1"
"3481","TTCTTGAAGGATACCG-1"
"3482","TTCTTGAAGGGTTAAT-1"
"3483","TTCTTGAAGTTCCGTA-1"
"3484","TTCTTGATCCTGTTAT-1"
"3485","TTCTTGATCGGCTTCT-1"
"3486","TTGAACGAGAAGCGGG-1"
"3487","TTGAACGAGACTTAAG-1"
"3488","TTGAACGAGAGGTGCT-1"
"3489","TTGAACGAGCCTGTCG-1"
"3490","TTGAACGGTATTGAGA-1"
"3491","TTGACCCAGAAATTCG-1"
"3492","TTGACCCAGCCGTTAT-1"
"3493","TTGACCCCATTGCCTC-1"
"3494","TTGACCCTCCAGTTCC-1"
"3495","TTGACCCTCTCACCCA-1"
"3496","TTGAGTGAGCACCGAA-1"
"3497","TTGAGTGAGCCAGTAG-1"
"3498","TTGAGTGGTGGTCCGT-1"
"3499","TTGAGTGGTTGAGTCT-1"
"3500","TTGAGTGTCAATCCAG-1"
"3501","TTGAGTGTCTGCGAGC-1"
"3502","TTGATGGCAAGAGAGA-1"
"3503","TTGATGGCAGCGAACA-1"
"3504","TTGATGGGTGAGAGGG-1"
"3505","TTGATGGGTGGCTGCT-1"
"3506","TTGATGGGTGGTCTTA-1"
"3507","TTGATGGGTTCAGCTA-1"
"3508","TTGATGGTCCTGGGTG-1"
"3509","TTGCATTGTACGCGTC-1"
"3510","TTGCATTGTCATACCA-1"
"3511","TTGCATTTCACACCCT-1"
"3512","TTGCATTTCGTGTTCC-1"
"3513","TTGCCTGAGCCATTCA-1"
"3514","TTGCCTGTCCTGATAG-1"
"3515","TTGCTGCCACAGTGTT-1"
"3516","TTGCTGCCACGACAGA-1"
"3517","TTGCTGCCATATACCG-1"
"3518","TTGCTGCGTCCTATAG-1"
"3519","TTGCTGCGTTAGGGAC-1"
"3520","TTGCTGCGTTATGTCG-1"
"3521","TTGGATGAGCGTGCTC-1"
"3522","TTGGATGCAAATCGGG-1"
"3523","TTGGATGCAATGTGGG-1"
"3524","TTGGGATCACTAACGT-1"
"3525","TTGGGATCAGAAATCA-1"
"3526","TTGGGATCAGAACTAA-1"
"3527","TTGGGATGTCTCTCCA-1"
"3528","TTGGGCGGTGGCTACC-1"
"3529","TTGGGTATCGACCAAT-1"
"3530","TTGGGTATCGGCTTGG-1"
"3531","TTGGTTTTCCTTGAAG-1"
"3532","TTGGTTTTCTGTCCCA-1"
"3533","TTGTGGAAGTACTGGG-1"
"3534","TTGTGGACAGGAAGTC-1"
"3535","TTGTGGAGTGAACTAA-1"
"3536","TTGTGGATCCGAACGC-1"
"3537","TTGTGTTAGCATGTTC-1"
"3538","TTGTGTTCATCCGAAT-1"
"3539","TTGTGTTGTAGCGTCC-1"
"3540","TTGTGTTGTCGTCATA-1"
"3541","TTGTGTTGTTAACAGA-1"
"3542","TTGTTCAGTGAGTTGG-1"
"3543","TTGTTGTGTAAGGCTG-1"
"3544","TTGTTTGAGACGTCCC-1"
"3545","TTGTTTGAGGTTTGAA-1"
"3546","TTGTTTGCAAATAAGC-1"
"3547","TTGTTTGCACCTGCGA-1"
"3548","TTGTTTGCAGTGTATC-1"
"3549","TTGTTTGTCTTACACT-1"
"3550","TTGTTTGTCTTTGGAG-1"
"3551","TTTACCAAGATCGACG-1"
"3552","TTTACCAAGGAGTCTG-1"
"3553","TTTACCATCGACGCGT-1"
"3554","TTTACGTCAGTCTCTC-1"
"3555","TTTACGTTCGGCTGGT-1"
"3556","TTTACTGAGACTGGGT-1"
"3557","TTTACTGCAAACGGCA-1"
"3558","TTTACTGCACTTGAGT-1"
"3559","TTTACTGGTAACAAGT-1"
"3560","TTTACTGGTAGAGACC-1"
"3561","TTTACTGGTCAGCTTA-1"
"3562","TTTACTGGTCTATGAC-1"
"3563","TTTAGTCAGCACGGAT-1"
"3564","TTTAGTCGTAGTCCTA-1"
"3565","TTTAGTCGTTCAGGTT-1"
"3566","TTTAGTCTCGCCCAGA-1"
"3567","TTTATGCCAAATCCCA-1"
"3568","TTTATGCGTAGAAACT-1"
"3569","TTTATGCGTAGAGATT-1"
"3570","TTTCACAAGCGTTAGG-1"
"3571","TTTCACACACGAAGAC-1"
"3572","TTTCACAGTCATAAAG-1"
"3573","TTTCACAGTCTACATG-1"
"3574","TTTCACATCCGACGGT-1"
"3575","TTTCAGTAGCTAAACA-1"
"3576","TTTCAGTCACTCACTC-1"
"3577","TTTCAGTCAGTCAGTT-1"
"3578","TTTCAGTCATAGGCGA-1"
"3579","TTTCAGTGTACAATAG-1"
"3580","TTTCAGTGTAGTGGCA-1"
"3581","TTTCATGAGCCTATTG-1"
"3582","TTTCATGAGTTCAACC-1"
"3583","TTTCATGCACGCGTGT-1"
"3584","TTTCATGCACTGTCCT-1"
"3585","TTTCATGCAGCATTGT-1"
"3586","TTTCATGGTCACATTG-1"
"3587","TTTCATGTCAAATGAG-1"
"3588","TTTCATGTCCATTGGA-1"
"3589","TTTCCTCTCGGTTCAA-1"
"3590","TTTCGATCATAGGTTC-1"
"3591","TTTCGATTCACTACGA-1"
"3592","TTTGACTCAATTGTGC-1"
"3593","TTTGACTCATGACGTT-1"
"3594","TTTGACTGTGGCTACC-1"
"3595","TTTGACTTCAGACCCG-1"
"3596","TTTGATCTCTACCACC-1"
"3597","TTTGATCTCTTTGCAT-1"
"3598","TTTGGAGGTCTTTCAT-1"
"3599","TTTGGAGGTTTACTTC-1"
"3600","TTTGGTTAGATGAACT-1"
"3601","TTTGGTTCAGTAGTGG-1"
"3602","TTTGTTGCAGGTTCAT-1"
"3603","TTTGTTGGTACGGCAA-1"
"3604","TTTGTTGGTCCCTCAT-1"
"3605","TTTGTTGTCCGAGCTG-1"
